"date","PPIACO","PCUOMFGOMFG","PCUATRNWRATRNWR","PCUADLVWRADLVWR","PCUOMINOMIN","PCUAWHLTRAWHLTR","PCUATRANSATRANS","PCUASHCASHC","PCUARETTRARETTR"
1913-01-01,12.1,NA,NA,NA,NA,NA,NA,NA,NA
1913-02-01,12,NA,NA,NA,NA,NA,NA,NA,NA
1913-03-01,12,NA,NA,NA,NA,NA,NA,NA,NA
1913-04-01,12,NA,NA,NA,NA,NA,NA,NA,NA
1913-05-01,11.9,NA,NA,NA,NA,NA,NA,NA,NA
1913-06-01,11.9,NA,NA,NA,NA,NA,NA,NA,NA
1913-07-01,12,NA,NA,NA,NA,NA,NA,NA,NA
1913-08-01,12,NA,NA,NA,NA,NA,NA,NA,NA
1913-09-01,12.2,NA,NA,NA,NA,NA,NA,NA,NA
1913-10-01,12.2,NA,NA,NA,NA,NA,NA,NA,NA
1913-11-01,12.1,NA,NA,NA,NA,NA,NA,NA,NA
1913-12-01,11.9,NA,NA,NA,NA,NA,NA,NA,NA
1914-01-01,11.8,NA,NA,NA,NA,NA,NA,NA,NA
1914-02-01,11.8,NA,NA,NA,NA,NA,NA,NA,NA
1914-03-01,11.7,NA,NA,NA,NA,NA,NA,NA,NA
1914-04-01,11.7,NA,NA,NA,NA,NA,NA,NA,NA
1914-05-01,11.6,NA,NA,NA,NA,NA,NA,NA,NA
1914-06-01,11.6,NA,NA,NA,NA,NA,NA,NA,NA
1914-07-01,11.6,NA,NA,NA,NA,NA,NA,NA,NA
1914-08-01,12,NA,NA,NA,NA,NA,NA,NA,NA
1914-09-01,12.1,NA,NA,NA,NA,NA,NA,NA,NA
1914-10-01,11.7,NA,NA,NA,NA,NA,NA,NA,NA
1914-11-01,11.7,NA,NA,NA,NA,NA,NA,NA,NA
1914-12-01,11.6,NA,NA,NA,NA,NA,NA,NA,NA
1915-01-01,11.8,NA,NA,NA,NA,NA,NA,NA,NA
1915-02-01,11.8,NA,NA,NA,NA,NA,NA,NA,NA
1915-03-01,11.8,NA,NA,NA,NA,NA,NA,NA,NA
1915-04-01,11.8,NA,NA,NA,NA,NA,NA,NA,NA
1915-05-01,11.9,NA,NA,NA,NA,NA,NA,NA,NA
1915-06-01,11.8,NA,NA,NA,NA,NA,NA,NA,NA
1915-07-01,11.9,NA,NA,NA,NA,NA,NA,NA,NA
1915-08-01,11.8,NA,NA,NA,NA,NA,NA,NA,NA
1915-09-01,11.8,NA,NA,NA,NA,NA,NA,NA,NA
1915-10-01,12.1,NA,NA,NA,NA,NA,NA,NA,NA
1915-11-01,12.3,NA,NA,NA,NA,NA,NA,NA,NA
1915-12-01,12.8,NA,NA,NA,NA,NA,NA,NA,NA
1916-01-01,13.3,NA,NA,NA,NA,NA,NA,NA,NA
1916-02-01,13.5,NA,NA,NA,NA,NA,NA,NA,NA
1916-03-01,13.9,NA,NA,NA,NA,NA,NA,NA,NA
1916-04-01,14.1,NA,NA,NA,NA,NA,NA,NA,NA
1916-05-01,14.2,NA,NA,NA,NA,NA,NA,NA,NA
1916-06-01,14.3,NA,NA,NA,NA,NA,NA,NA,NA
1916-07-01,14.4,NA,NA,NA,NA,NA,NA,NA,NA
1916-08-01,14.7,NA,NA,NA,NA,NA,NA,NA,NA
1916-09-01,15,NA,NA,NA,NA,NA,NA,NA,NA
1916-10-01,15.7,NA,NA,NA,NA,NA,NA,NA,NA
1916-11-01,16.8,NA,NA,NA,NA,NA,NA,NA,NA
1916-12-01,17.1,NA,NA,NA,NA,NA,NA,NA,NA
1917-01-01,17.6,NA,NA,NA,NA,NA,NA,NA,NA
1917-02-01,18,NA,NA,NA,NA,NA,NA,NA,NA
1917-03-01,18.5,NA,NA,NA,NA,NA,NA,NA,NA
1917-04-01,19.7,NA,NA,NA,NA,NA,NA,NA,NA
1917-05-01,20.8,NA,NA,NA,NA,NA,NA,NA,NA
1917-06-01,21,NA,NA,NA,NA,NA,NA,NA,NA
1917-07-01,21.2,NA,NA,NA,NA,NA,NA,NA,NA
1917-08-01,21.5,NA,NA,NA,NA,NA,NA,NA,NA
1917-09-01,21.3,NA,NA,NA,NA,NA,NA,NA,NA
1917-10-01,21.1,NA,NA,NA,NA,NA,NA,NA,NA
1917-11-01,21.2,NA,NA,NA,NA,NA,NA,NA,NA
1917-12-01,21.2,NA,NA,NA,NA,NA,NA,NA,NA
1918-01-01,21.6,NA,NA,NA,NA,NA,NA,NA,NA
1918-02-01,21.1,NA,NA,NA,NA,NA,NA,NA,NA
1918-03-01,21.8,NA,NA,NA,NA,NA,NA,NA,NA
1918-04-01,22.1,NA,NA,NA,NA,NA,NA,NA,NA
1918-05-01,22.1,NA,NA,NA,NA,NA,NA,NA,NA
1918-06-01,22.2,NA,NA,NA,NA,NA,NA,NA,NA
1918-07-01,22.7,NA,NA,NA,NA,NA,NA,NA,NA
1918-08-01,23.2,NA,NA,NA,NA,NA,NA,NA,NA
1918-09-01,23.7,NA,NA,NA,NA,NA,NA,NA,NA
1918-10-01,23.5,NA,NA,NA,NA,NA,NA,NA,NA
1918-11-01,23.5,NA,NA,NA,NA,NA,NA,NA,NA
1918-12-01,23.5,NA,NA,NA,NA,NA,NA,NA,NA
1919-01-01,23.2,NA,NA,NA,NA,NA,NA,NA,NA
1919-02-01,22.4,NA,NA,NA,NA,NA,NA,NA,NA
1919-03-01,22.6,NA,NA,NA,NA,NA,NA,NA,NA
1919-04-01,22.9,NA,NA,NA,NA,NA,NA,NA,NA
1919-05-01,23.3,NA,NA,NA,NA,NA,NA,NA,NA
1919-06-01,23.4,NA,NA,NA,NA,NA,NA,NA,NA
1919-07-01,24.3,NA,NA,NA,NA,NA,NA,NA,NA
1919-08-01,24.9,NA,NA,NA,NA,NA,NA,NA,NA
1919-09-01,24.3,NA,NA,NA,NA,NA,NA,NA,NA
1919-10-01,24.4,NA,NA,NA,NA,NA,NA,NA,NA
1919-11-01,24.9,NA,NA,NA,NA,NA,NA,NA,NA
1919-12-01,26,NA,NA,NA,NA,NA,NA,NA,NA
1920-01-01,27.2,NA,NA,NA,NA,NA,NA,NA,NA
1920-02-01,27.1,NA,NA,NA,NA,NA,NA,NA,NA
1920-03-01,27.3,NA,NA,NA,NA,NA,NA,NA,NA
1920-04-01,28.5,NA,NA,NA,NA,NA,NA,NA,NA
1920-05-01,28.8,NA,NA,NA,NA,NA,NA,NA,NA
1920-06-01,28.7,NA,NA,NA,NA,NA,NA,NA,NA
1920-07-01,28.6,NA,NA,NA,NA,NA,NA,NA,NA
1920-08-01,27.8,NA,NA,NA,NA,NA,NA,NA,NA
1920-09-01,26.8,NA,NA,NA,NA,NA,NA,NA,NA
1920-10-01,24.9,NA,NA,NA,NA,NA,NA,NA,NA
1920-11-01,23,NA,NA,NA,NA,NA,NA,NA,NA
1920-12-01,20.8,NA,NA,NA,NA,NA,NA,NA,NA
1921-01-01,19.6,NA,NA,NA,NA,NA,NA,NA,NA
1921-02-01,18.1,NA,NA,NA,NA,NA,NA,NA,NA
1921-03-01,17.7,NA,NA,NA,NA,NA,NA,NA,NA
1921-04-01,17,NA,NA,NA,NA,NA,NA,NA,NA
1921-05-01,16.6,NA,NA,NA,NA,NA,NA,NA,NA
1921-06-01,16.1,NA,NA,NA,NA,NA,NA,NA,NA
1921-07-01,16.1,NA,NA,NA,NA,NA,NA,NA,NA
1921-08-01,16.1,NA,NA,NA,NA,NA,NA,NA,NA
1921-09-01,16.1,NA,NA,NA,NA,NA,NA,NA,NA
1921-10-01,16.2,NA,NA,NA,NA,NA,NA,NA,NA
1921-11-01,16.2,NA,NA,NA,NA,NA,NA,NA,NA
1921-12-01,16,NA,NA,NA,NA,NA,NA,NA,NA
1922-01-01,15.7,NA,NA,NA,NA,NA,NA,NA,NA
1922-02-01,16,NA,NA,NA,NA,NA,NA,NA,NA
1922-03-01,16,NA,NA,NA,NA,NA,NA,NA,NA
1922-04-01,16.1,NA,NA,NA,NA,NA,NA,NA,NA
1922-05-01,16.6,NA,NA,NA,NA,NA,NA,NA,NA
1922-06-01,16.6,NA,NA,NA,NA,NA,NA,NA,NA
1922-07-01,17.1,NA,NA,NA,NA,NA,NA,NA,NA
1922-08-01,17,NA,NA,NA,NA,NA,NA,NA,NA
1922-09-01,17.1,NA,NA,NA,NA,NA,NA,NA,NA
1922-10-01,17.2,NA,NA,NA,NA,NA,NA,NA,NA
1922-11-01,17.3,NA,NA,NA,NA,NA,NA,NA,NA
1922-12-01,17.3,NA,NA,NA,NA,NA,NA,NA,NA
1923-01-01,17.6,NA,NA,NA,NA,NA,NA,NA,NA
1923-02-01,17.8,NA,NA,NA,NA,NA,NA,NA,NA
1923-03-01,18,NA,NA,NA,NA,NA,NA,NA,NA
1923-04-01,17.9,NA,NA,NA,NA,NA,NA,NA,NA
1923-05-01,17.5,NA,NA,NA,NA,NA,NA,NA,NA
1923-06-01,17.3,NA,NA,NA,NA,NA,NA,NA,NA
1923-07-01,17,NA,NA,NA,NA,NA,NA,NA,NA
1923-08-01,16.9,NA,NA,NA,NA,NA,NA,NA,NA
1923-09-01,17.2,NA,NA,NA,NA,NA,NA,NA,NA
1923-10-01,17.1,NA,NA,NA,NA,NA,NA,NA,NA
1923-11-01,17,NA,NA,NA,NA,NA,NA,NA,NA
1923-12-01,16.9,NA,NA,NA,NA,NA,NA,NA,NA
1924-01-01,17.2,NA,NA,NA,NA,NA,NA,NA,NA
1924-02-01,17.2,NA,NA,NA,NA,NA,NA,NA,NA
1924-03-01,17,NA,NA,NA,NA,NA,NA,NA,NA
1924-04-01,16.7,NA,NA,NA,NA,NA,NA,NA,NA
1924-05-01,16.5,NA,NA,NA,NA,NA,NA,NA,NA
1924-06-01,16.4,NA,NA,NA,NA,NA,NA,NA,NA
1924-07-01,16.5,NA,NA,NA,NA,NA,NA,NA,NA
1924-08-01,16.7,NA,NA,NA,NA,NA,NA,NA,NA
1924-09-01,16.7,NA,NA,NA,NA,NA,NA,NA,NA
1924-10-01,16.9,NA,NA,NA,NA,NA,NA,NA,NA
1924-11-01,17.1,NA,NA,NA,NA,NA,NA,NA,NA
1924-12-01,17.5,NA,NA,NA,NA,NA,NA,NA,NA
1925-01-01,17.7,NA,NA,NA,NA,NA,NA,NA,NA
1925-02-01,17.9,NA,NA,NA,NA,NA,NA,NA,NA
1925-03-01,17.9,NA,NA,NA,NA,NA,NA,NA,NA
1925-04-01,17.5,NA,NA,NA,NA,NA,NA,NA,NA
1925-05-01,17.5,NA,NA,NA,NA,NA,NA,NA,NA
1925-06-01,17.7,NA,NA,NA,NA,NA,NA,NA,NA
1925-07-01,18,NA,NA,NA,NA,NA,NA,NA,NA
1925-08-01,17.9,NA,NA,NA,NA,NA,NA,NA,NA
1925-09-01,17.8,NA,NA,NA,NA,NA,NA,NA,NA
1925-10-01,17.8,NA,NA,NA,NA,NA,NA,NA,NA
1925-11-01,18,NA,NA,NA,NA,NA,NA,NA,NA
1925-12-01,17.8,NA,NA,NA,NA,NA,NA,NA,NA
1926-01-01,17.8,NA,NA,NA,NA,NA,NA,NA,NA
1926-02-01,17.6,NA,NA,NA,NA,NA,NA,NA,NA
1926-03-01,17.3,NA,NA,NA,NA,NA,NA,NA,NA
1926-04-01,17.3,NA,NA,NA,NA,NA,NA,NA,NA
1926-05-01,17.3,NA,NA,NA,NA,NA,NA,NA,NA
1926-06-01,17.3,NA,NA,NA,NA,NA,NA,NA,NA
1926-07-01,17.1,NA,NA,NA,NA,NA,NA,NA,NA
1926-08-01,17.1,NA,NA,NA,NA,NA,NA,NA,NA
1926-09-01,17.2,NA,NA,NA,NA,NA,NA,NA,NA
1926-10-01,17.1,NA,NA,NA,NA,NA,NA,NA,NA
1926-11-01,17,NA,NA,NA,NA,NA,NA,NA,NA
1926-12-01,16.9,NA,NA,NA,NA,NA,NA,NA,NA
1927-01-01,16.4,NA,NA,NA,NA,NA,NA,NA,NA
1927-02-01,16.6,NA,NA,NA,NA,NA,NA,NA,NA
1927-03-01,16.5,NA,NA,NA,NA,NA,NA,NA,NA
1927-04-01,16.3,NA,NA,NA,NA,NA,NA,NA,NA
1927-05-01,16.2,NA,NA,NA,NA,NA,NA,NA,NA
1927-06-01,16.2,NA,NA,NA,NA,NA,NA,NA,NA
1927-07-01,16.2,NA,NA,NA,NA,NA,NA,NA,NA
1927-08-01,16.4,NA,NA,NA,NA,NA,NA,NA,NA
1927-09-01,16.6,NA,NA,NA,NA,NA,NA,NA,NA
1927-10-01,16.7,NA,NA,NA,NA,NA,NA,NA,NA
1927-11-01,16.6,NA,NA,NA,NA,NA,NA,NA,NA
1927-12-01,16.6,NA,NA,NA,NA,NA,NA,NA,NA
1928-01-01,16.6,NA,NA,NA,NA,NA,NA,NA,NA
1928-02-01,16.5,NA,NA,NA,NA,NA,NA,NA,NA
1928-03-01,16.5,NA,NA,NA,NA,NA,NA,NA,NA
1928-04-01,16.7,NA,NA,NA,NA,NA,NA,NA,NA
1928-05-01,16.8,NA,NA,NA,NA,NA,NA,NA,NA
1928-06-01,16.7,NA,NA,NA,NA,NA,NA,NA,NA
1928-07-01,16.8,NA,NA,NA,NA,NA,NA,NA,NA
1928-08-01,16.8,NA,NA,NA,NA,NA,NA,NA,NA
1928-09-01,17,NA,NA,NA,NA,NA,NA,NA,NA
1928-10-01,16.7,NA,NA,NA,NA,NA,NA,NA,NA
1928-11-01,16.5,NA,NA,NA,NA,NA,NA,NA,NA
1928-12-01,16.5,NA,NA,NA,NA,NA,NA,NA,NA
1929-01-01,16.5,NA,NA,NA,NA,NA,NA,NA,NA
1929-02-01,16.4,NA,NA,NA,NA,NA,NA,NA,NA
1929-03-01,16.6,NA,NA,NA,NA,NA,NA,NA,NA
1929-04-01,16.5,NA,NA,NA,NA,NA,NA,NA,NA
1929-05-01,16.3,NA,NA,NA,NA,NA,NA,NA,NA
1929-06-01,16.4,NA,NA,NA,NA,NA,NA,NA,NA
1929-07-01,16.6,NA,NA,NA,NA,NA,NA,NA,NA
1929-08-01,16.6,NA,NA,NA,NA,NA,NA,NA,NA
1929-09-01,16.6,NA,NA,NA,NA,NA,NA,NA,NA
1929-10-01,16.4,NA,NA,NA,NA,NA,NA,NA,NA
1929-11-01,16.1,NA,NA,NA,NA,NA,NA,NA,NA
1929-12-01,16.1,NA,NA,NA,NA,NA,NA,NA,NA
1930-01-01,15.9,NA,NA,NA,NA,NA,NA,NA,NA
1930-02-01,15.7,NA,NA,NA,NA,NA,NA,NA,NA
1930-03-01,15.5,NA,NA,NA,NA,NA,NA,NA,NA
1930-04-01,15.5,NA,NA,NA,NA,NA,NA,NA,NA
1930-05-01,15.3,NA,NA,NA,NA,NA,NA,NA,NA
1930-06-01,15,NA,NA,NA,NA,NA,NA,NA,NA
1930-07-01,14.5,NA,NA,NA,NA,NA,NA,NA,NA
1930-08-01,14.5,NA,NA,NA,NA,NA,NA,NA,NA
1930-09-01,14.5,NA,NA,NA,NA,NA,NA,NA,NA
1930-10-01,14.3,NA,NA,NA,NA,NA,NA,NA,NA
1930-11-01,14,NA,NA,NA,NA,NA,NA,NA,NA
1930-12-01,13.7,NA,NA,NA,NA,NA,NA,NA,NA
1931-01-01,13.5,NA,NA,NA,NA,NA,NA,NA,NA
1931-02-01,13.2,NA,NA,NA,NA,NA,NA,NA,NA
1931-03-01,13.1,NA,NA,NA,NA,NA,NA,NA,NA
1931-04-01,12.9,NA,NA,NA,NA,NA,NA,NA,NA
1931-05-01,12.6,NA,NA,NA,NA,NA,NA,NA,NA
1931-06-01,12.4,NA,NA,NA,NA,NA,NA,NA,NA
1931-07-01,12.4,NA,NA,NA,NA,NA,NA,NA,NA
1931-08-01,12.4,NA,NA,NA,NA,NA,NA,NA,NA
1931-09-01,12.3,NA,NA,NA,NA,NA,NA,NA,NA
1931-10-01,12.1,NA,NA,NA,NA,NA,NA,NA,NA
1931-11-01,12.1,NA,NA,NA,NA,NA,NA,NA,NA
1931-12-01,11.8,NA,NA,NA,NA,NA,NA,NA,NA
1932-01-01,11.6,NA,NA,NA,NA,NA,NA,NA,NA
1932-02-01,11.4,NA,NA,NA,NA,NA,NA,NA,NA
1932-03-01,11.4,NA,NA,NA,NA,NA,NA,NA,NA
1932-04-01,11.3,NA,NA,NA,NA,NA,NA,NA,NA
1932-05-01,11.1,NA,NA,NA,NA,NA,NA,NA,NA
1932-06-01,11,NA,NA,NA,NA,NA,NA,NA,NA
1932-07-01,11.1,NA,NA,NA,NA,NA,NA,NA,NA
1932-08-01,11.2,NA,NA,NA,NA,NA,NA,NA,NA
1932-09-01,11.3,NA,NA,NA,NA,NA,NA,NA,NA
1932-10-01,11.1,NA,NA,NA,NA,NA,NA,NA,NA
1932-11-01,11,NA,NA,NA,NA,NA,NA,NA,NA
1932-12-01,10.8,NA,NA,NA,NA,NA,NA,NA,NA
1933-01-01,10.5,NA,NA,NA,NA,NA,NA,NA,NA
1933-02-01,10.3,NA,NA,NA,NA,NA,NA,NA,NA
1933-03-01,10.4,NA,NA,NA,NA,NA,NA,NA,NA
1933-04-01,10.4,NA,NA,NA,NA,NA,NA,NA,NA
1933-05-01,10.8,NA,NA,NA,NA,NA,NA,NA,NA
1933-06-01,11.2,NA,NA,NA,NA,NA,NA,NA,NA
1933-07-01,11.9,NA,NA,NA,NA,NA,NA,NA,NA
1933-08-01,12,NA,NA,NA,NA,NA,NA,NA,NA
1933-09-01,12.2,NA,NA,NA,NA,NA,NA,NA,NA
1933-10-01,12.3,NA,NA,NA,NA,NA,NA,NA,NA
1933-11-01,12.3,NA,NA,NA,NA,NA,NA,NA,NA
1933-12-01,12.2,NA,NA,NA,NA,NA,NA,NA,NA
1934-01-01,12.4,NA,NA,NA,NA,NA,NA,NA,NA
1934-02-01,12.7,NA,NA,NA,NA,NA,NA,NA,NA
1934-03-01,12.7,NA,NA,NA,NA,NA,NA,NA,NA
1934-04-01,12.7,NA,NA,NA,NA,NA,NA,NA,NA
1934-05-01,12.7,NA,NA,NA,NA,NA,NA,NA,NA
1934-06-01,12.9,NA,NA,NA,NA,NA,NA,NA,NA
1934-07-01,12.9,NA,NA,NA,NA,NA,NA,NA,NA
1934-08-01,13.2,NA,NA,NA,NA,NA,NA,NA,NA
1934-09-01,13.4,NA,NA,NA,NA,NA,NA,NA,NA
1934-10-01,13.2,NA,NA,NA,NA,NA,NA,NA,NA
1934-11-01,13.2,NA,NA,NA,NA,NA,NA,NA,NA
1934-12-01,13.3,NA,NA,NA,NA,NA,NA,NA,NA
1935-01-01,13.6,NA,NA,NA,NA,NA,NA,NA,NA
1935-02-01,13.7,NA,NA,NA,NA,NA,NA,NA,NA
1935-03-01,13.7,NA,NA,NA,NA,NA,NA,NA,NA
1935-04-01,13.8,NA,NA,NA,NA,NA,NA,NA,NA
1935-05-01,13.8,NA,NA,NA,NA,NA,NA,NA,NA
1935-06-01,13.8,NA,NA,NA,NA,NA,NA,NA,NA
1935-07-01,13.7,NA,NA,NA,NA,NA,NA,NA,NA
1935-08-01,13.9,NA,NA,NA,NA,NA,NA,NA,NA
1935-09-01,13.9,NA,NA,NA,NA,NA,NA,NA,NA
1935-10-01,13.9,NA,NA,NA,NA,NA,NA,NA,NA
1935-11-01,13.9,NA,NA,NA,NA,NA,NA,NA,NA
1935-12-01,14,NA,NA,NA,NA,NA,NA,NA,NA
1936-01-01,13.9,NA,NA,NA,NA,NA,NA,NA,NA
1936-02-01,13.9,NA,NA,NA,NA,NA,NA,NA,NA
1936-03-01,13.7,NA,NA,NA,NA,NA,NA,NA,NA
1936-04-01,13.7,NA,NA,NA,NA,NA,NA,NA,NA
1936-05-01,13.5,NA,NA,NA,NA,NA,NA,NA,NA
1936-06-01,13.7,NA,NA,NA,NA,NA,NA,NA,NA
1936-07-01,13.9,NA,NA,NA,NA,NA,NA,NA,NA
1936-08-01,14,NA,NA,NA,NA,NA,NA,NA,NA
1936-09-01,14,NA,NA,NA,NA,NA,NA,NA,NA
1936-10-01,14,NA,NA,NA,NA,NA,NA,NA,NA
1936-11-01,14.2,NA,NA,NA,NA,NA,NA,NA,NA
1936-12-01,14.5,NA,NA,NA,NA,NA,NA,NA,NA
1937-01-01,14.8,NA,NA,NA,NA,NA,NA,NA,NA
1937-02-01,14.9,NA,NA,NA,NA,NA,NA,NA,NA
1937-03-01,15.1,NA,NA,NA,NA,NA,NA,NA,NA
1937-04-01,15.2,NA,NA,NA,NA,NA,NA,NA,NA
1937-05-01,15.1,NA,NA,NA,NA,NA,NA,NA,NA
1937-06-01,15,NA,NA,NA,NA,NA,NA,NA,NA
1937-07-01,15.2,NA,NA,NA,NA,NA,NA,NA,NA
1937-08-01,15.1,NA,NA,NA,NA,NA,NA,NA,NA
1937-09-01,15.1,NA,NA,NA,NA,NA,NA,NA,NA
1937-10-01,14.7,NA,NA,NA,NA,NA,NA,NA,NA
1937-11-01,14.4,NA,NA,NA,NA,NA,NA,NA,NA
1937-12-01,14.1,NA,NA,NA,NA,NA,NA,NA,NA
1938-01-01,14,NA,NA,NA,NA,NA,NA,NA,NA
1938-02-01,13.8,NA,NA,NA,NA,NA,NA,NA,NA
1938-03-01,13.7,NA,NA,NA,NA,NA,NA,NA,NA
1938-04-01,13.5,NA,NA,NA,NA,NA,NA,NA,NA
1938-05-01,13.5,NA,NA,NA,NA,NA,NA,NA,NA
1938-06-01,13.5,NA,NA,NA,NA,NA,NA,NA,NA
1938-07-01,13.6,NA,NA,NA,NA,NA,NA,NA,NA
1938-08-01,13.4,NA,NA,NA,NA,NA,NA,NA,NA
1938-09-01,13.5,NA,NA,NA,NA,NA,NA,NA,NA
1938-10-01,13.4,NA,NA,NA,NA,NA,NA,NA,NA
1938-11-01,13.4,NA,NA,NA,NA,NA,NA,NA,NA
1938-12-01,13.3,NA,NA,NA,NA,NA,NA,NA,NA
1939-01-01,13.3,NA,NA,NA,NA,NA,NA,NA,NA
1939-02-01,13.3,NA,NA,NA,NA,NA,NA,NA,NA
1939-03-01,13.2,NA,NA,NA,NA,NA,NA,NA,NA
1939-04-01,13.1,NA,NA,NA,NA,NA,NA,NA,NA
1939-05-01,13.1,NA,NA,NA,NA,NA,NA,NA,NA
1939-06-01,13,NA,NA,NA,NA,NA,NA,NA,NA
1939-07-01,13,NA,NA,NA,NA,NA,NA,NA,NA
1939-08-01,12.9,NA,NA,NA,NA,NA,NA,NA,NA
1939-09-01,13.6,NA,NA,NA,NA,NA,NA,NA,NA
1939-10-01,13.7,NA,NA,NA,NA,NA,NA,NA,NA
1939-11-01,13.6,NA,NA,NA,NA,NA,NA,NA,NA
1939-12-01,13.7,NA,NA,NA,NA,NA,NA,NA,NA
1940-01-01,13.7,NA,NA,NA,NA,NA,NA,NA,NA
1940-02-01,13.6,NA,NA,NA,NA,NA,NA,NA,NA
1940-03-01,13.5,NA,NA,NA,NA,NA,NA,NA,NA
1940-04-01,13.5,NA,NA,NA,NA,NA,NA,NA,NA
1940-05-01,13.5,NA,NA,NA,NA,NA,NA,NA,NA
1940-06-01,13.4,NA,NA,NA,NA,NA,NA,NA,NA
1940-07-01,13.4,NA,NA,NA,NA,NA,NA,NA,NA
1940-08-01,13.4,NA,NA,NA,NA,NA,NA,NA,NA
1940-09-01,13.4,NA,NA,NA,NA,NA,NA,NA,NA
1940-10-01,13.6,NA,NA,NA,NA,NA,NA,NA,NA
1940-11-01,13.7,NA,NA,NA,NA,NA,NA,NA,NA
1940-12-01,13.8,NA,NA,NA,NA,NA,NA,NA,NA
1941-01-01,13.9,NA,NA,NA,NA,NA,NA,NA,NA
1941-02-01,13.9,NA,NA,NA,NA,NA,NA,NA,NA
1941-03-01,14,NA,NA,NA,NA,NA,NA,NA,NA
1941-04-01,14.4,NA,NA,NA,NA,NA,NA,NA,NA
1941-05-01,14.6,NA,NA,NA,NA,NA,NA,NA,NA
1941-06-01,15,NA,NA,NA,NA,NA,NA,NA,NA
1941-07-01,15.3,NA,NA,NA,NA,NA,NA,NA,NA
1941-08-01,15.6,NA,NA,NA,NA,NA,NA,NA,NA
1941-09-01,15.8,NA,NA,NA,NA,NA,NA,NA,NA
1941-10-01,15.9,NA,NA,NA,NA,NA,NA,NA,NA
1941-11-01,15.9,NA,NA,NA,NA,NA,NA,NA,NA
1941-12-01,16.2,NA,NA,NA,NA,NA,NA,NA,NA
1942-01-01,16.5,NA,NA,NA,NA,NA,NA,NA,NA
1942-02-01,16.7,NA,NA,NA,NA,NA,NA,NA,NA
1942-03-01,16.8,NA,NA,NA,NA,NA,NA,NA,NA
1942-04-01,17,NA,NA,NA,NA,NA,NA,NA,NA
1942-05-01,17,NA,NA,NA,NA,NA,NA,NA,NA
1942-06-01,17,NA,NA,NA,NA,NA,NA,NA,NA
1942-07-01,17,NA,NA,NA,NA,NA,NA,NA,NA
1942-08-01,17.1,NA,NA,NA,NA,NA,NA,NA,NA
1942-09-01,17.2,NA,NA,NA,NA,NA,NA,NA,NA
1942-10-01,17.2,NA,NA,NA,NA,NA,NA,NA,NA
1942-11-01,17.3,NA,NA,NA,NA,NA,NA,NA,NA
1942-12-01,17.4,NA,NA,NA,NA,NA,NA,NA,NA
1943-01-01,17.5,NA,NA,NA,NA,NA,NA,NA,NA
1943-02-01,17.7,NA,NA,NA,NA,NA,NA,NA,NA
1943-03-01,17.8,NA,NA,NA,NA,NA,NA,NA,NA
1943-04-01,17.9,NA,NA,NA,NA,NA,NA,NA,NA
1943-05-01,17.9,NA,NA,NA,NA,NA,NA,NA,NA
1943-06-01,17.9,NA,NA,NA,NA,NA,NA,NA,NA
1943-07-01,17.8,NA,NA,NA,NA,NA,NA,NA,NA
1943-08-01,17.8,NA,NA,NA,NA,NA,NA,NA,NA
1943-09-01,17.8,NA,NA,NA,NA,NA,NA,NA,NA
1943-10-01,17.8,NA,NA,NA,NA,NA,NA,NA,NA
1943-11-01,17.7,NA,NA,NA,NA,NA,NA,NA,NA
1943-12-01,17.8,NA,NA,NA,NA,NA,NA,NA,NA
1944-01-01,17.8,NA,NA,NA,NA,NA,NA,NA,NA
1944-02-01,17.8,NA,NA,NA,NA,NA,NA,NA,NA
1944-03-01,17.9,NA,NA,NA,NA,NA,NA,NA,NA
1944-04-01,17.9,NA,NA,NA,NA,NA,NA,NA,NA
1944-05-01,17.9,NA,NA,NA,NA,NA,NA,NA,NA
1944-06-01,18,NA,NA,NA,NA,NA,NA,NA,NA
1944-07-01,17.9,NA,NA,NA,NA,NA,NA,NA,NA
1944-08-01,17.9,NA,NA,NA,NA,NA,NA,NA,NA
1944-09-01,17.9,NA,NA,NA,NA,NA,NA,NA,NA
1944-10-01,17.9,NA,NA,NA,NA,NA,NA,NA,NA
1944-11-01,18,NA,NA,NA,NA,NA,NA,NA,NA
1944-12-01,18,NA,NA,NA,NA,NA,NA,NA,NA
1945-01-01,18.1,NA,NA,NA,NA,NA,NA,NA,NA
1945-02-01,18.1,NA,NA,NA,NA,NA,NA,NA,NA
1945-03-01,18.1,NA,NA,NA,NA,NA,NA,NA,NA
1945-04-01,18.2,NA,NA,NA,NA,NA,NA,NA,NA
1945-05-01,18.3,NA,NA,NA,NA,NA,NA,NA,NA
1945-06-01,18.3,NA,NA,NA,NA,NA,NA,NA,NA
1945-07-01,18.3,NA,NA,NA,NA,NA,NA,NA,NA
1945-08-01,18.2,NA,NA,NA,NA,NA,NA,NA,NA
1945-09-01,18.1,NA,NA,NA,NA,NA,NA,NA,NA
1945-10-01,18.2,NA,NA,NA,NA,NA,NA,NA,NA
1945-11-01,18.4,NA,NA,NA,NA,NA,NA,NA,NA
1945-12-01,18.4,NA,NA,NA,NA,NA,NA,NA,NA
1946-01-01,18.4,NA,NA,NA,NA,NA,NA,NA,NA
1946-02-01,18.5,NA,NA,NA,NA,NA,NA,NA,NA
1946-03-01,18.8,NA,NA,NA,NA,NA,NA,NA,NA
1946-04-01,19,NA,NA,NA,NA,NA,NA,NA,NA
1946-05-01,19.1,NA,NA,NA,NA,NA,NA,NA,NA
1946-06-01,19.4,NA,NA,NA,NA,NA,NA,NA,NA
1946-07-01,21.5,NA,NA,NA,NA,NA,NA,NA,NA
1946-08-01,22.2,NA,NA,NA,NA,NA,NA,NA,NA
1946-09-01,21.4,NA,NA,NA,NA,NA,NA,NA,NA
1946-10-01,23.1,NA,NA,NA,NA,NA,NA,NA,NA
1946-11-01,24.1,NA,NA,NA,NA,NA,NA,NA,NA
1946-12-01,24.3,NA,NA,NA,NA,NA,NA,NA,NA
1947-01-01,24.5,NA,NA,NA,NA,NA,NA,NA,NA
1947-02-01,24.7,NA,NA,NA,NA,NA,NA,NA,NA
1947-03-01,25.3,NA,NA,NA,NA,NA,NA,NA,NA
1947-04-01,25.1,NA,NA,NA,NA,NA,NA,NA,NA
1947-05-01,25,NA,NA,NA,NA,NA,NA,NA,NA
1947-06-01,25,NA,NA,NA,NA,NA,NA,NA,NA
1947-07-01,25.3,NA,NA,NA,NA,NA,NA,NA,NA
1947-08-01,25.6,NA,NA,NA,NA,NA,NA,NA,NA
1947-09-01,26.1,NA,NA,NA,NA,NA,NA,NA,NA
1947-10-01,26.4,NA,NA,NA,NA,NA,NA,NA,NA
1947-11-01,26.7,NA,NA,NA,NA,NA,NA,NA,NA
1947-12-01,27.2,NA,NA,NA,NA,NA,NA,NA,NA
1948-01-01,27.7,NA,NA,NA,NA,NA,NA,NA,NA
1948-02-01,27.2,NA,NA,NA,NA,NA,NA,NA,NA
1948-03-01,27.2,NA,NA,NA,NA,NA,NA,NA,NA
1948-04-01,27.4,NA,NA,NA,NA,NA,NA,NA,NA
1948-05-01,27.5,NA,NA,NA,NA,NA,NA,NA,NA
1948-06-01,27.7,NA,NA,NA,NA,NA,NA,NA,NA
1948-07-01,28,NA,NA,NA,NA,NA,NA,NA,NA
1948-08-01,28.2,NA,NA,NA,NA,NA,NA,NA,NA
1948-09-01,28.1,NA,NA,NA,NA,NA,NA,NA,NA
1948-10-01,27.8,NA,NA,NA,NA,NA,NA,NA,NA
1948-11-01,27.8,NA,NA,NA,NA,NA,NA,NA,NA
1948-12-01,27.6,NA,NA,NA,NA,NA,NA,NA,NA
1949-01-01,27.3,NA,NA,NA,NA,NA,NA,NA,NA
1949-02-01,26.8,NA,NA,NA,NA,NA,NA,NA,NA
1949-03-01,26.8,NA,NA,NA,NA,NA,NA,NA,NA
1949-04-01,26.5,NA,NA,NA,NA,NA,NA,NA,NA
1949-05-01,26.3,NA,NA,NA,NA,NA,NA,NA,NA
1949-06-01,26,NA,NA,NA,NA,NA,NA,NA,NA
1949-07-01,26,NA,NA,NA,NA,NA,NA,NA,NA
1949-08-01,26,NA,NA,NA,NA,NA,NA,NA,NA
1949-09-01,26.1,NA,NA,NA,NA,NA,NA,NA,NA
1949-10-01,26,NA,NA,NA,NA,NA,NA,NA,NA
1949-11-01,26,NA,NA,NA,NA,NA,NA,NA,NA
1949-12-01,25.9,NA,NA,NA,NA,NA,NA,NA,NA
1950-01-01,25.9,NA,NA,NA,NA,NA,NA,NA,NA
1950-02-01,26.1,NA,NA,NA,NA,NA,NA,NA,NA
1950-03-01,26.1,NA,NA,NA,NA,NA,NA,NA,NA
1950-04-01,26.1,NA,NA,NA,NA,NA,NA,NA,NA
1950-05-01,26.4,NA,NA,NA,NA,NA,NA,NA,NA
1950-06-01,26.6,NA,NA,NA,NA,NA,NA,NA,NA
1950-07-01,27.3,NA,NA,NA,NA,NA,NA,NA,NA
1950-08-01,27.9,NA,NA,NA,NA,NA,NA,NA,NA
1950-09-01,28.4,NA,NA,NA,NA,NA,NA,NA,NA
1950-10-01,28.6,NA,NA,NA,NA,NA,NA,NA,NA
1950-11-01,29,NA,NA,NA,NA,NA,NA,NA,NA
1950-12-01,29.7,NA,NA,NA,NA,NA,NA,NA,NA
1951-01-01,30.5,NA,NA,NA,NA,NA,NA,NA,NA
1951-02-01,30.9,NA,NA,NA,NA,NA,NA,NA,NA
1951-03-01,30.9,NA,NA,NA,NA,NA,NA,NA,NA
1951-04-01,30.8,NA,NA,NA,NA,NA,NA,NA,NA
1951-05-01,30.7,NA,NA,NA,NA,NA,NA,NA,NA
1951-06-01,30.5,NA,NA,NA,NA,NA,NA,NA,NA
1951-07-01,30.3,NA,NA,NA,NA,NA,NA,NA,NA
1951-08-01,30.1,NA,NA,NA,NA,NA,NA,NA,NA
1951-09-01,30.1,NA,NA,NA,NA,NA,NA,NA,NA
1951-10-01,30.1,NA,NA,NA,NA,NA,NA,NA,NA
1951-11-01,30.1,NA,NA,NA,NA,NA,NA,NA,NA
1951-12-01,30.1,NA,NA,NA,NA,NA,NA,NA,NA
1952-01-01,30,NA,NA,NA,NA,NA,NA,NA,NA
1952-02-01,29.8,NA,NA,NA,NA,NA,NA,NA,NA
1952-03-01,29.8,NA,NA,NA,NA,NA,NA,NA,NA
1952-04-01,29.6,NA,NA,NA,NA,NA,NA,NA,NA
1952-05-01,29.6,NA,NA,NA,NA,NA,NA,NA,NA
1952-06-01,29.5,NA,NA,NA,NA,NA,NA,NA,NA
1952-07-01,29.6,NA,NA,NA,NA,NA,NA,NA,NA
1952-08-01,29.8,NA,NA,NA,NA,NA,NA,NA,NA
1952-09-01,29.6,NA,NA,NA,NA,NA,NA,NA,NA
1952-10-01,29.5,NA,NA,NA,NA,NA,NA,NA,NA
1952-11-01,29.3,NA,NA,NA,NA,NA,NA,NA,NA
1952-12-01,29.1,NA,NA,NA,NA,NA,NA,NA,NA
1953-01-01,29.1,NA,NA,NA,NA,NA,NA,NA,NA
1953-02-01,29.1,NA,NA,NA,NA,NA,NA,NA,NA
1953-03-01,29.2,NA,NA,NA,NA,NA,NA,NA,NA
1953-04-01,29,NA,NA,NA,NA,NA,NA,NA,NA
1953-05-01,29.1,NA,NA,NA,NA,NA,NA,NA,NA
1953-06-01,29,NA,NA,NA,NA,NA,NA,NA,NA
1953-07-01,29.4,NA,NA,NA,NA,NA,NA,NA,NA
1953-08-01,29.3,NA,NA,NA,NA,NA,NA,NA,NA
1953-09-01,29.4,NA,NA,NA,NA,NA,NA,NA,NA
1953-10-01,29.2,NA,NA,NA,NA,NA,NA,NA,NA
1953-11-01,29.1,NA,NA,NA,NA,NA,NA,NA,NA
1953-12-01,29.2,NA,NA,NA,NA,NA,NA,NA,NA
1954-01-01,29.4,NA,NA,NA,NA,NA,NA,NA,NA
1954-02-01,29.3,NA,NA,NA,NA,NA,NA,NA,NA
1954-03-01,29.3,NA,NA,NA,NA,NA,NA,NA,NA
1954-04-01,29.4,NA,NA,NA,NA,NA,NA,NA,NA
1954-05-01,29.4,NA,NA,NA,NA,NA,NA,NA,NA
1954-06-01,29.2,NA,NA,NA,NA,NA,NA,NA,NA
1954-07-01,29.3,NA,NA,NA,NA,NA,NA,NA,NA
1954-08-01,29.3,NA,NA,NA,NA,NA,NA,NA,NA
1954-09-01,29.2,NA,NA,NA,NA,NA,NA,NA,NA
1954-10-01,29.1,NA,NA,NA,NA,NA,NA,NA,NA
1954-11-01,29.2,NA,NA,NA,NA,NA,NA,NA,NA
1954-12-01,29,NA,NA,NA,NA,NA,NA,NA,NA
1955-01-01,29.2,NA,NA,NA,NA,NA,NA,NA,NA
1955-02-01,29.3,NA,NA,NA,NA,NA,NA,NA,NA
1955-03-01,29.2,NA,NA,NA,NA,NA,NA,NA,NA
1955-04-01,29.3,NA,NA,NA,NA,NA,NA,NA,NA
1955-05-01,29.1,NA,NA,NA,NA,NA,NA,NA,NA
1955-06-01,29.3,NA,NA,NA,NA,NA,NA,NA,NA
1955-07-01,29.3,NA,NA,NA,NA,NA,NA,NA,NA
1955-08-01,29.4,NA,NA,NA,NA,NA,NA,NA,NA
1955-09-01,29.6,NA,NA,NA,NA,NA,NA,NA,NA
1955-10-01,29.6,NA,NA,NA,NA,NA,NA,NA,NA
1955-11-01,29.5,NA,NA,NA,NA,NA,NA,NA,NA
1955-12-01,29.5,NA,NA,NA,NA,NA,NA,NA,NA
1956-01-01,29.7,NA,NA,NA,NA,NA,NA,NA,NA
1956-02-01,29.8,NA,NA,NA,NA,NA,NA,NA,NA
1956-03-01,29.9,NA,NA,NA,NA,NA,NA,NA,NA
1956-04-01,30.1,NA,NA,NA,NA,NA,NA,NA,NA
1956-05-01,30.3,NA,NA,NA,NA,NA,NA,NA,NA
1956-06-01,30.3,NA,NA,NA,NA,NA,NA,NA,NA
1956-07-01,30.2,NA,NA,NA,NA,NA,NA,NA,NA
1956-08-01,30.4,NA,NA,NA,NA,NA,NA,NA,NA
1956-09-01,30.6,NA,NA,NA,NA,NA,NA,NA,NA
1956-10-01,30.6,NA,NA,NA,NA,NA,NA,NA,NA
1956-11-01,30.7,NA,NA,NA,NA,NA,NA,NA,NA
1956-12-01,30.8,NA,NA,NA,NA,NA,NA,NA,NA
1957-01-01,31,NA,NA,NA,NA,NA,NA,NA,NA
1957-02-01,31,NA,NA,NA,NA,NA,NA,NA,NA
1957-03-01,31,NA,NA,NA,NA,NA,NA,NA,NA
1957-04-01,31.1,NA,NA,NA,NA,NA,NA,NA,NA
1957-05-01,31,NA,NA,NA,NA,NA,NA,NA,NA
1957-06-01,31.1,NA,NA,NA,NA,NA,NA,NA,NA
1957-07-01,31.3,NA,NA,NA,NA,NA,NA,NA,NA
1957-08-01,31.4,NA,NA,NA,NA,NA,NA,NA,NA
1957-09-01,31.3,NA,NA,NA,NA,NA,NA,NA,NA
1957-10-01,31.2,NA,NA,NA,NA,NA,NA,NA,NA
1957-11-01,31.3,NA,NA,NA,NA,NA,NA,NA,NA
1957-12-01,31.4,NA,NA,NA,NA,NA,NA,NA,NA
1958-01-01,31.5,NA,NA,NA,NA,NA,NA,NA,NA
1958-02-01,31.5,NA,NA,NA,NA,NA,NA,NA,NA
1958-03-01,31.7,NA,NA,NA,NA,NA,NA,NA,NA
1958-04-01,31.6,NA,NA,NA,NA,NA,NA,NA,NA
1958-05-01,31.7,NA,NA,NA,NA,NA,NA,NA,NA
1958-06-01,31.6,NA,NA,NA,NA,NA,NA,NA,NA
1958-07-01,31.6,NA,NA,NA,NA,NA,NA,NA,NA
1958-08-01,31.6,NA,NA,NA,NA,NA,NA,NA,NA
1958-09-01,31.6,NA,NA,NA,NA,NA,NA,NA,NA
1958-10-01,31.5,NA,NA,NA,NA,NA,NA,NA,NA
1958-11-01,31.6,NA,NA,NA,NA,NA,NA,NA,NA
1958-12-01,31.6,NA,NA,NA,NA,NA,NA,NA,NA
1959-01-01,31.7,NA,NA,NA,NA,NA,NA,NA,NA
1959-02-01,31.7,NA,NA,NA,NA,NA,NA,NA,NA
1959-03-01,31.7,NA,NA,NA,NA,NA,NA,NA,NA
1959-04-01,31.8,NA,NA,NA,NA,NA,NA,NA,NA
1959-05-01,31.8,NA,NA,NA,NA,NA,NA,NA,NA
1959-06-01,31.7,NA,NA,NA,NA,NA,NA,NA,NA
1959-07-01,31.7,NA,NA,NA,NA,NA,NA,NA,NA
1959-08-01,31.6,NA,NA,NA,NA,NA,NA,NA,NA
1959-09-01,31.7,NA,NA,NA,NA,NA,NA,NA,NA
1959-10-01,31.6,NA,NA,NA,NA,NA,NA,NA,NA
1959-11-01,31.5,NA,NA,NA,NA,NA,NA,NA,NA
1959-12-01,31.5,NA,NA,NA,NA,NA,NA,NA,NA
1960-01-01,31.6,NA,NA,NA,NA,NA,NA,NA,NA
1960-02-01,31.6,NA,NA,NA,NA,NA,NA,NA,NA
1960-03-01,31.8,NA,NA,NA,NA,NA,NA,NA,NA
1960-04-01,31.8,NA,NA,NA,NA,NA,NA,NA,NA
1960-05-01,31.7,NA,NA,NA,NA,NA,NA,NA,NA
1960-06-01,31.7,NA,NA,NA,NA,NA,NA,NA,NA
1960-07-01,31.7,NA,NA,NA,NA,NA,NA,NA,NA
1960-08-01,31.6,NA,NA,NA,NA,NA,NA,NA,NA
1960-09-01,31.6,NA,NA,NA,NA,NA,NA,NA,NA
1960-10-01,31.7,NA,NA,NA,NA,NA,NA,NA,NA
1960-11-01,31.7,NA,NA,NA,NA,NA,NA,NA,NA
1960-12-01,31.7,NA,NA,NA,NA,NA,NA,NA,NA
1961-01-01,31.8,NA,NA,NA,NA,NA,NA,NA,NA
1961-02-01,31.8,NA,NA,NA,NA,NA,NA,NA,NA
1961-03-01,31.8,NA,NA,NA,NA,NA,NA,NA,NA
1961-04-01,31.6,NA,NA,NA,NA,NA,NA,NA,NA
1961-05-01,31.5,NA,NA,NA,NA,NA,NA,NA,NA
1961-06-01,31.3,NA,NA,NA,NA,NA,NA,NA,NA
1961-07-01,31.5,NA,NA,NA,NA,NA,NA,NA,NA
1961-08-01,31.5,NA,NA,NA,NA,NA,NA,NA,NA
1961-09-01,31.5,NA,NA,NA,NA,NA,NA,NA,NA
1961-10-01,31.5,NA,NA,NA,NA,NA,NA,NA,NA
1961-11-01,31.5,NA,NA,NA,NA,NA,NA,NA,NA
1961-12-01,31.6,NA,NA,NA,NA,NA,NA,NA,NA
1962-01-01,31.7,NA,NA,NA,NA,NA,NA,NA,NA
1962-02-01,31.7,NA,NA,NA,NA,NA,NA,NA,NA
1962-03-01,31.7,NA,NA,NA,NA,NA,NA,NA,NA
1962-04-01,31.6,NA,NA,NA,NA,NA,NA,NA,NA
1962-05-01,31.5,NA,NA,NA,NA,NA,NA,NA,NA
1962-06-01,31.5,NA,NA,NA,NA,NA,NA,NA,NA
1962-07-01,31.6,NA,NA,NA,NA,NA,NA,NA,NA
1962-08-01,31.6,NA,NA,NA,NA,NA,NA,NA,NA
1962-09-01,31.9,NA,NA,NA,NA,NA,NA,NA,NA
1962-10-01,31.7,NA,NA,NA,NA,NA,NA,NA,NA
1962-11-01,31.7,NA,NA,NA,NA,NA,NA,NA,NA
1962-12-01,31.6,NA,NA,NA,NA,NA,NA,NA,NA
1963-01-01,31.6,NA,NA,NA,NA,NA,NA,NA,NA
1963-02-01,31.5,NA,NA,NA,NA,NA,NA,NA,NA
1963-03-01,31.5,NA,NA,NA,NA,NA,NA,NA,NA
1963-04-01,31.4,NA,NA,NA,NA,NA,NA,NA,NA
1963-05-01,31.5,NA,NA,NA,NA,NA,NA,NA,NA
1963-06-01,31.6,NA,NA,NA,NA,NA,NA,NA,NA
1963-07-01,31.7,NA,NA,NA,NA,NA,NA,NA,NA
1963-08-01,31.6,NA,NA,NA,NA,NA,NA,NA,NA
1963-09-01,31.6,NA,NA,NA,NA,NA,NA,NA,NA
1963-10-01,31.6,NA,NA,NA,NA,NA,NA,NA,NA
1963-11-01,31.7,NA,NA,NA,NA,NA,NA,NA,NA
1963-12-01,31.6,NA,NA,NA,NA,NA,NA,NA,NA
1964-01-01,31.8,NA,NA,NA,NA,NA,NA,NA,NA
1964-02-01,31.6,NA,NA,NA,NA,NA,NA,NA,NA
1964-03-01,31.6,NA,NA,NA,NA,NA,NA,NA,NA
1964-04-01,31.6,NA,NA,NA,NA,NA,NA,NA,NA
1964-05-01,31.5,NA,NA,NA,NA,NA,NA,NA,NA
1964-06-01,31.5,NA,NA,NA,NA,NA,NA,NA,NA
1964-07-01,31.6,NA,NA,NA,NA,NA,NA,NA,NA
1964-08-01,31.6,NA,NA,NA,NA,NA,NA,NA,NA
1964-09-01,31.7,NA,NA,NA,NA,NA,NA,NA,NA
1964-10-01,31.7,NA,NA,NA,NA,NA,NA,NA,NA
1964-11-01,31.7,NA,NA,NA,NA,NA,NA,NA,NA
1964-12-01,31.7,NA,NA,NA,NA,NA,NA,NA,NA
1965-01-01,31.8,NA,NA,NA,NA,NA,NA,NA,NA
1965-02-01,31.9,NA,NA,NA,NA,NA,NA,NA,NA
1965-03-01,31.9,NA,NA,NA,NA,NA,NA,NA,NA
1965-04-01,32,NA,NA,NA,NA,NA,NA,NA,NA
1965-05-01,32.1,NA,NA,NA,NA,NA,NA,NA,NA
1965-06-01,32.4,NA,NA,NA,NA,NA,NA,NA,NA
1965-07-01,32.4,NA,NA,NA,NA,NA,NA,NA,NA
1965-08-01,32.4,NA,NA,NA,NA,NA,NA,NA,NA
1965-09-01,32.4,NA,NA,NA,NA,NA,NA,NA,NA
1965-10-01,32.5,NA,NA,NA,NA,NA,NA,NA,NA
1965-11-01,32.6,NA,NA,NA,NA,NA,NA,NA,NA
1965-12-01,32.8,NA,NA,NA,NA,NA,NA,NA,NA
1966-01-01,32.9,NA,NA,NA,NA,NA,NA,NA,NA
1966-02-01,33.2,NA,NA,NA,NA,NA,NA,NA,NA
1966-03-01,33.2,NA,NA,NA,NA,NA,NA,NA,NA
1966-04-01,33.2,NA,NA,NA,NA,NA,NA,NA,NA
1966-05-01,33.2,NA,NA,NA,NA,NA,NA,NA,NA
1966-06-01,33.3,NA,NA,NA,NA,NA,NA,NA,NA
1966-07-01,33.5,NA,NA,NA,NA,NA,NA,NA,NA
1966-08-01,33.6,NA,NA,NA,NA,NA,NA,NA,NA
1966-09-01,33.6,NA,NA,NA,NA,NA,NA,NA,NA
1966-10-01,33.4,NA,NA,NA,NA,NA,NA,NA,NA
1966-11-01,33.3,NA,NA,NA,NA,NA,NA,NA,NA
1966-12-01,33.3,NA,NA,NA,NA,NA,NA,NA,NA
1967-01-01,33.4,NA,NA,NA,NA,NA,NA,NA,NA
1967-02-01,33.4,NA,NA,NA,NA,NA,NA,NA,NA
1967-03-01,33.3,NA,NA,NA,NA,NA,NA,NA,NA
1967-04-01,33.1,NA,NA,NA,NA,NA,NA,NA,NA
1967-05-01,33.3,NA,NA,NA,NA,NA,NA,NA,NA
1967-06-01,33.5,NA,NA,NA,NA,NA,NA,NA,NA
1967-07-01,33.5,NA,NA,NA,NA,NA,NA,NA,NA
1967-08-01,33.4,NA,NA,NA,NA,NA,NA,NA,NA
1967-09-01,33.4,NA,NA,NA,NA,NA,NA,NA,NA
1967-10-01,33.4,NA,NA,NA,NA,NA,NA,NA,NA
1967-11-01,33.4,NA,NA,NA,NA,NA,NA,NA,NA
1967-12-01,33.7,NA,NA,NA,NA,NA,NA,NA,NA
1968-01-01,33.8,NA,NA,NA,NA,NA,NA,NA,NA
1968-02-01,34,NA,NA,NA,NA,NA,NA,NA,NA
1968-03-01,34.1,NA,NA,NA,NA,NA,NA,NA,NA
1968-04-01,34.1,NA,NA,NA,NA,NA,NA,NA,NA
1968-05-01,34.2,NA,NA,NA,NA,NA,NA,NA,NA
1968-06-01,34.2,NA,NA,NA,NA,NA,NA,NA,NA
1968-07-01,34.3,NA,NA,NA,NA,NA,NA,NA,NA
1968-08-01,34.2,NA,NA,NA,NA,NA,NA,NA,NA
1968-09-01,34.4,NA,NA,NA,NA,NA,NA,NA,NA
1968-10-01,34.4,NA,NA,NA,NA,NA,NA,NA,NA
1968-11-01,34.5,NA,NA,NA,NA,NA,NA,NA,NA
1968-12-01,34.6,NA,NA,NA,NA,NA,NA,NA,NA
1969-01-01,34.8,NA,NA,NA,NA,NA,NA,NA,NA
1969-02-01,35,NA,NA,NA,NA,NA,NA,NA,NA
1969-03-01,35.2,NA,NA,NA,NA,NA,NA,NA,NA
1969-04-01,35.3,NA,NA,NA,NA,NA,NA,NA,NA
1969-05-01,35.5,NA,NA,NA,NA,NA,NA,NA,NA
1969-06-01,35.7,NA,NA,NA,NA,NA,NA,NA,NA
1969-07-01,35.8,NA,NA,NA,NA,NA,NA,NA,NA
1969-08-01,35.7,NA,NA,NA,NA,NA,NA,NA,NA
1969-09-01,35.8,NA,NA,NA,NA,NA,NA,NA,NA
1969-10-01,35.9,NA,NA,NA,NA,NA,NA,NA,NA
1969-11-01,36.1,NA,NA,NA,NA,NA,NA,NA,NA
1969-12-01,36.3,NA,NA,NA,NA,NA,NA,NA,NA
1970-01-01,36.5,NA,NA,NA,NA,NA,NA,NA,NA
1970-02-01,36.7,NA,NA,NA,NA,NA,NA,NA,NA
1970-03-01,36.7,NA,NA,NA,NA,NA,NA,NA,NA
1970-04-01,36.8,NA,NA,NA,NA,NA,NA,NA,NA
1970-05-01,36.8,NA,NA,NA,NA,NA,NA,NA,NA
1970-06-01,36.9,NA,NA,NA,NA,NA,NA,NA,NA
1970-07-01,37.1,NA,NA,NA,NA,NA,NA,NA,NA
1970-08-01,36.9,NA,NA,NA,NA,NA,NA,NA,NA
1970-09-01,37.1,NA,NA,NA,NA,NA,NA,NA,NA
1970-10-01,37.1,NA,NA,NA,NA,NA,NA,NA,NA
1970-11-01,37.1,NA,NA,NA,NA,NA,NA,NA,NA
1970-12-01,37.1,NA,NA,NA,NA,NA,NA,NA,NA
1971-01-01,37.3,NA,NA,NA,NA,NA,NA,NA,NA
1971-02-01,37.7,NA,NA,NA,NA,NA,NA,NA,NA
1971-03-01,37.8,NA,NA,NA,NA,NA,NA,NA,NA
1971-04-01,37.9,NA,NA,NA,NA,NA,NA,NA,NA
1971-05-01,38.1,NA,NA,NA,NA,NA,NA,NA,NA
1971-06-01,38.2,NA,NA,NA,NA,NA,NA,NA,NA
1971-07-01,38.3,NA,NA,NA,NA,NA,NA,NA,NA
1971-08-01,38.5,NA,NA,NA,NA,NA,NA,NA,NA
1971-09-01,38.3,NA,NA,NA,NA,NA,NA,NA,NA
1971-10-01,38.3,NA,NA,NA,NA,NA,NA,NA,NA
1971-11-01,38.3,NA,NA,NA,NA,NA,NA,NA,NA
1971-12-01,38.6,NA,NA,NA,NA,NA,NA,NA,NA
1972-01-01,38.8,NA,NA,NA,NA,NA,NA,NA,NA
1972-02-01,39.2,NA,NA,NA,NA,NA,NA,NA,NA
1972-03-01,39.2,NA,NA,NA,NA,NA,NA,NA,NA
1972-04-01,39.3,NA,NA,NA,NA,NA,NA,NA,NA
1972-05-01,39.5,NA,NA,NA,NA,NA,NA,NA,NA
1972-06-01,39.7,NA,NA,NA,NA,NA,NA,NA,NA
1972-07-01,40,NA,NA,NA,NA,NA,NA,NA,NA
1972-08-01,40.1,NA,NA,NA,NA,NA,NA,NA,NA
1972-09-01,40.2,NA,NA,NA,NA,NA,NA,NA,NA
1972-10-01,40.1,NA,NA,NA,NA,NA,NA,NA,NA
1972-11-01,40.3,NA,NA,NA,NA,NA,NA,NA,NA
1972-12-01,41.1,NA,NA,NA,NA,NA,NA,NA,NA
1973-01-01,41.6,NA,NA,NA,NA,NA,NA,NA,NA
1973-02-01,42.4,NA,NA,NA,NA,NA,NA,NA,NA
1973-03-01,43.4,NA,NA,NA,NA,NA,NA,NA,NA
1973-04-01,43.6,NA,NA,NA,NA,NA,NA,NA,NA
1973-05-01,44.5,NA,NA,NA,NA,NA,NA,NA,NA
1973-06-01,45.5,NA,NA,NA,NA,NA,NA,NA,NA
1973-07-01,44.9,NA,NA,NA,NA,NA,NA,NA,NA
1973-08-01,47.5,NA,NA,NA,NA,NA,NA,NA,NA
1973-09-01,46.7,NA,NA,NA,NA,NA,NA,NA,NA
1973-10-01,46.3,NA,NA,NA,NA,NA,NA,NA,NA
1973-11-01,46.5,NA,NA,NA,NA,NA,NA,NA,NA
1973-12-01,47.4,NA,NA,NA,NA,NA,NA,NA,NA
1974-01-01,49,NA,NA,NA,NA,NA,NA,NA,NA
1974-02-01,50,NA,NA,NA,NA,NA,NA,NA,NA
1974-03-01,50.6,NA,NA,NA,NA,NA,NA,NA,NA
1974-04-01,51,NA,NA,NA,NA,NA,NA,NA,NA
1974-05-01,51.8,NA,NA,NA,NA,NA,NA,NA,NA
1974-06-01,52,NA,NA,NA,NA,NA,NA,NA,NA
1974-07-01,54,NA,NA,NA,NA,NA,NA,NA,NA
1974-08-01,55.9,NA,NA,NA,NA,NA,NA,NA,NA
1974-09-01,55.9,NA,NA,NA,NA,NA,NA,NA,NA
1974-10-01,56.9,NA,NA,NA,NA,NA,NA,NA,NA
1974-11-01,57.4,NA,NA,NA,NA,NA,NA,NA,NA
1974-12-01,57.3,NA,NA,NA,NA,NA,NA,NA,NA
1975-01-01,57.4,NA,NA,NA,NA,NA,NA,NA,NA
1975-02-01,57.2,NA,NA,NA,NA,NA,NA,NA,NA
1975-03-01,56.9,NA,NA,NA,NA,NA,NA,NA,NA
1975-04-01,57.5,NA,NA,NA,NA,NA,NA,NA,NA
1975-05-01,57.9,NA,NA,NA,NA,NA,NA,NA,NA
1975-06-01,58,NA,NA,NA,NA,NA,NA,NA,NA
1975-07-01,58.7,NA,NA,NA,NA,NA,NA,NA,NA
1975-08-01,59,NA,NA,NA,NA,NA,NA,NA,NA
1975-09-01,59.4,NA,NA,NA,NA,NA,NA,NA,NA
1975-10-01,59.8,NA,NA,NA,NA,NA,NA,NA,NA
1975-11-01,59.5,NA,NA,NA,NA,NA,NA,NA,NA
1975-12-01,59.7,NA,NA,NA,NA,NA,NA,NA,NA
1976-01-01,59.9,NA,NA,NA,NA,NA,NA,NA,NA
1976-02-01,59.9,NA,NA,NA,NA,NA,NA,NA,NA
1976-03-01,60,NA,NA,NA,NA,NA,NA,NA,NA
1976-04-01,60.6,NA,NA,NA,NA,NA,NA,NA,NA
1976-05-01,60.8,NA,NA,NA,NA,NA,NA,NA,NA
1976-06-01,61.2,NA,NA,NA,NA,NA,NA,NA,NA
1976-07-01,61.6,NA,NA,NA,NA,NA,NA,NA,NA
1976-08-01,61.4,NA,NA,NA,NA,NA,NA,NA,NA
1976-09-01,61.8,NA,NA,NA,NA,NA,NA,NA,NA
1976-10-01,61.9,NA,NA,NA,NA,NA,NA,NA,NA
1976-11-01,62,NA,NA,NA,NA,NA,NA,NA,NA
1976-12-01,62.5,NA,NA,NA,NA,NA,NA,NA,NA
1977-01-01,62.8,NA,NA,NA,NA,NA,NA,NA,NA
1977-02-01,63.5,NA,NA,NA,NA,NA,NA,NA,NA
1977-03-01,64.1,NA,NA,NA,NA,NA,NA,NA,NA
1977-04-01,64.9,NA,NA,NA,NA,NA,NA,NA,NA
1977-05-01,65.2,NA,NA,NA,NA,NA,NA,NA,NA
1977-06-01,65,NA,NA,NA,NA,NA,NA,NA,NA
1977-07-01,65.1,NA,NA,NA,NA,NA,NA,NA,NA
1977-08-01,65,NA,NA,NA,NA,NA,NA,NA,NA
1977-09-01,65.3,NA,NA,NA,NA,NA,NA,NA,NA
1977-10-01,65.6,NA,NA,NA,NA,NA,NA,NA,NA
1977-11-01,65.8,NA,NA,NA,NA,NA,NA,NA,NA
1977-12-01,66.2,NA,NA,NA,NA,NA,NA,NA,NA
1978-01-01,66.8,NA,NA,NA,NA,NA,NA,NA,NA
1978-02-01,67.5,NA,NA,NA,NA,NA,NA,NA,NA
1978-03-01,68.1,NA,NA,NA,NA,NA,NA,NA,NA
1978-04-01,69,NA,NA,NA,NA,NA,NA,NA,NA
1978-05-01,69.5,NA,NA,NA,NA,NA,NA,NA,NA
1978-06-01,70,NA,NA,NA,NA,NA,NA,NA,NA
1978-07-01,70.4,NA,NA,NA,NA,NA,NA,NA,NA
1978-08-01,70.4,NA,NA,NA,NA,NA,NA,NA,NA
1978-09-01,71,NA,NA,NA,NA,NA,NA,NA,NA
1978-10-01,71.8,NA,NA,NA,NA,NA,NA,NA,NA
1978-11-01,72.1,NA,NA,NA,NA,NA,NA,NA,NA
1978-12-01,72.7,NA,NA,NA,NA,NA,NA,NA,NA
1979-01-01,73.8,NA,NA,NA,NA,NA,NA,NA,NA
1979-02-01,74.9,NA,NA,NA,NA,NA,NA,NA,NA
1979-03-01,75.8,NA,NA,NA,NA,NA,NA,NA,NA
1979-04-01,76.9,NA,NA,NA,NA,NA,NA,NA,NA
1979-05-01,77.5,NA,NA,NA,NA,NA,NA,NA,NA
1979-06-01,78,NA,NA,NA,NA,NA,NA,NA,NA
1979-07-01,79.2,NA,NA,NA,NA,NA,NA,NA,NA
1979-08-01,79.6,NA,NA,NA,NA,NA,NA,NA,NA
1979-09-01,80.9,NA,NA,NA,NA,NA,NA,NA,NA
1979-10-01,82.1,NA,NA,NA,NA,NA,NA,NA,NA
1979-11-01,82.6,NA,NA,NA,NA,NA,NA,NA,NA
1979-12-01,83.4,NA,NA,NA,NA,NA,NA,NA,NA
1980-01-01,85.2,NA,NA,NA,NA,NA,NA,NA,NA
1980-02-01,86.9,NA,NA,NA,NA,NA,NA,NA,NA
1980-03-01,87.5,NA,NA,NA,NA,NA,NA,NA,NA
1980-04-01,87.8,NA,NA,NA,NA,NA,NA,NA,NA
1980-05-01,88.3,NA,NA,NA,NA,NA,NA,NA,NA
1980-06-01,88.7,NA,NA,NA,NA,NA,NA,NA,NA
1980-07-01,90.3,NA,NA,NA,NA,NA,NA,NA,NA
1980-08-01,91.5,NA,NA,NA,NA,NA,NA,NA,NA
1980-09-01,91.7,NA,NA,NA,NA,NA,NA,NA,NA
1980-10-01,92.8,NA,NA,NA,NA,NA,NA,NA,NA
1980-11-01,93.2,NA,NA,NA,NA,NA,NA,NA,NA
1980-12-01,93.8,NA,NA,NA,NA,NA,NA,NA,NA
1981-01-01,95.2,NA,NA,NA,NA,NA,NA,NA,NA
1981-02-01,96.1,NA,NA,NA,NA,NA,NA,NA,NA
1981-03-01,97,NA,NA,NA,NA,NA,NA,NA,NA
1981-04-01,98,NA,NA,NA,NA,NA,NA,NA,NA
1981-05-01,98.3,NA,NA,NA,NA,NA,NA,NA,NA
1981-06-01,98.5,NA,NA,NA,NA,NA,NA,NA,NA
1981-07-01,99,NA,NA,NA,NA,NA,NA,NA,NA
1981-08-01,99,NA,NA,NA,NA,NA,NA,NA,NA
1981-09-01,98.8,NA,NA,NA,NA,NA,NA,NA,NA
1981-10-01,98.9,NA,NA,NA,NA,NA,NA,NA,NA
1981-11-01,98.8,NA,NA,NA,NA,NA,NA,NA,NA
1981-12-01,98.8,NA,NA,NA,NA,NA,NA,NA,NA
1982-01-01,99.7,NA,NA,NA,NA,NA,NA,NA,NA
1982-02-01,99.8,NA,NA,NA,NA,NA,NA,NA,NA
1982-03-01,99.6,NA,NA,NA,NA,NA,NA,NA,NA
1982-04-01,99.6,NA,NA,NA,NA,NA,NA,NA,NA
1982-05-01,99.8,NA,NA,NA,NA,NA,NA,NA,NA
1982-06-01,100,NA,NA,NA,NA,NA,NA,NA,NA
1982-07-01,100.4,NA,NA,NA,NA,NA,NA,NA,NA
1982-08-01,100.3,NA,NA,NA,NA,NA,NA,NA,NA
1982-09-01,100,NA,NA,NA,NA,NA,NA,NA,NA
1982-10-01,100.2,NA,NA,NA,NA,NA,NA,NA,NA
1982-11-01,100.3,NA,NA,NA,NA,NA,NA,NA,NA
1982-12-01,100.5,NA,NA,NA,NA,NA,NA,NA,NA
1983-01-01,100.2,NA,NA,NA,NA,NA,NA,NA,NA
1983-02-01,100.5,NA,NA,NA,NA,NA,NA,NA,NA
1983-03-01,100.4,NA,NA,NA,NA,NA,NA,NA,NA
1983-04-01,100.4,NA,NA,NA,NA,NA,NA,NA,NA
1983-05-01,100.8,NA,NA,NA,NA,NA,NA,NA,NA
1983-06-01,101,NA,NA,NA,NA,NA,NA,NA,NA
1983-07-01,101.3,NA,NA,NA,NA,NA,NA,NA,NA
1983-08-01,101.8,NA,NA,NA,NA,NA,NA,NA,NA
1983-09-01,102,NA,NA,NA,NA,NA,NA,NA,NA
1983-10-01,102.2,NA,NA,NA,NA,NA,NA,NA,NA
1983-11-01,102.1,NA,NA,NA,NA,NA,NA,NA,NA
1983-12-01,102.3,NA,NA,NA,NA,NA,NA,NA,NA
1984-01-01,102.9,NA,NA,NA,NA,NA,NA,NA,NA
1984-02-01,103.2,NA,NA,NA,NA,NA,NA,NA,NA
1984-03-01,103.9,NA,NA,NA,NA,NA,NA,NA,NA
1984-04-01,104,NA,NA,NA,NA,NA,NA,NA,NA
1984-05-01,104.1,NA,NA,NA,NA,NA,NA,NA,NA
1984-06-01,104,NA,NA,NA,NA,NA,NA,NA,NA
1984-07-01,104.2,NA,NA,NA,NA,NA,NA,NA,NA
1984-08-01,103.8,NA,NA,NA,NA,NA,NA,NA,NA
1984-09-01,103.4,NA,NA,NA,NA,NA,NA,NA,NA
1984-10-01,103.4,NA,NA,NA,NA,NA,NA,NA,NA
1984-11-01,103.7,NA,NA,NA,NA,NA,NA,NA,NA
1984-12-01,103.5,100,NA,NA,100,NA,NA,NA,NA
1985-01-01,103.4,NA,NA,NA,NA,NA,NA,NA,NA
1985-02-01,103.3,NA,NA,NA,NA,NA,NA,NA,NA
1985-03-01,103.1,NA,NA,NA,NA,NA,NA,NA,NA
1985-04-01,103.3,NA,NA,NA,NA,NA,NA,NA,NA
1985-05-01,103.5,NA,NA,NA,NA,NA,NA,NA,NA
1985-06-01,103.3,NA,NA,NA,NA,NA,NA,NA,NA
1985-07-01,103.2,NA,NA,NA,NA,NA,NA,NA,NA
1985-08-01,102.7,NA,NA,NA,NA,NA,NA,NA,NA
1985-09-01,102.1,NA,NA,NA,NA,NA,NA,NA,NA
1985-10-01,102.9,NA,NA,NA,NA,NA,NA,NA,NA
1985-11-01,103.4,NA,NA,NA,NA,NA,NA,NA,NA
1985-12-01,103.6,NA,NA,NA,NA,NA,NA,NA,NA
1986-01-01,103.2,101.3,NA,NA,94.4,NA,NA,NA,NA
1986-02-01,101.7,99.9,NA,NA,87.3,NA,NA,NA,NA
1986-03-01,100.3,98.3,NA,NA,82.9,NA,NA,NA,NA
1986-04-01,99.6,97.9,NA,NA,78.2,NA,NA,NA,NA
1986-05-01,100,98.2,NA,NA,77.1,NA,NA,NA,NA
1986-06-01,99.9,98.2,NA,NA,76.3,NA,NA,NA,NA
1986-07-01,99.4,97.5,NA,NA,72,NA,NA,NA,NA
1986-08-01,99.3,97.4,NA,NA,70.5,NA,NA,NA,NA
1986-09-01,99.4,97.6,NA,NA,70.8,NA,NA,NA,NA
1986-10-01,99.7,98.2,NA,NA,71.2,NA,NA,NA,NA
1986-11-01,99.8,98.3,NA,NA,71.7,NA,NA,NA,NA
1986-12-01,99.7,98.3,NA,NA,71.1,NA,NA,NA,NA
1987-01-01,100.5,99.1,NA,NA,73.6,NA,NA,NA,NA
1987-02-01,101,99.5,NA,NA,73.6,NA,NA,NA,NA
1987-03-01,101.2,99.5,NA,NA,75.2,NA,NA,NA,NA
1987-04-01,101.9,100.2,NA,NA,74.9,NA,NA,NA,NA
1987-05-01,102.6,100.6,NA,NA,74.6,NA,NA,NA,NA
1987-06-01,103,100.9,NA,NA,75.3,NA,NA,NA,NA
1987-07-01,103.5,101.3,NA,NA,76.5,NA,NA,NA,NA
1987-08-01,103.8,101.6,NA,NA,77.3,NA,NA,NA,NA
1987-09-01,103.7,101.3,NA,NA,76.4,NA,NA,NA,NA
1987-10-01,104.1,102,NA,NA,74.9,NA,NA,NA,NA
1987-11-01,104.2,102.2,NA,NA,73.9,NA,NA,NA,NA
1987-12-01,104.2,102.1,NA,NA,74.2,NA,NA,NA,NA
1988-01-01,104.6,102.4,NA,NA,72.8,NA,NA,NA,NA
1988-02-01,104.8,102.6,NA,NA,72,NA,NA,NA,NA
1988-03-01,104.9,102.8,NA,NA,71.3,NA,NA,NA,NA
1988-04-01,105.8,103.4,NA,NA,73.1,NA,NA,NA,NA
1988-05-01,106.5,103.9,NA,NA,72.4,NA,NA,NA,NA
1988-06-01,107.2,104.3,NA,NA,70.9,NA,NA,NA,NA
1988-07-01,107.9,104.9,NA,NA,70.1,NA,NA,NA,NA
1988-08-01,108,105.1,NA,NA,68.7,NA,NA,NA,NA
1988-09-01,108.1,105.1,NA,NA,68.1,NA,NA,NA,NA
1988-10-01,108.2,105.6,NA,NA,68.7,NA,NA,NA,NA
1988-11-01,108.3,106.1,NA,NA,68.3,NA,NA,NA,NA
1988-12-01,109,106.4,NA,NA,70.8,NA,NA,NA,NA
1989-01-01,110.5,107.5,NA,NA,74.6,NA,NA,NA,NA
1989-02-01,110.8,107.9,NA,NA,75.5,NA,NA,NA,NA
1989-03-01,111.5,108.5,NA,NA,74.9,NA,NA,NA,NA
1989-04-01,112.3,109.4,NA,NA,77.2,NA,NA,NA,NA
1989-05-01,113.2,110.1,NA,NA,78.2,NA,NA,NA,NA
1989-06-01,112.9,110.1,NA,NA,77.4,NA,NA,NA,NA
1989-07-01,112.8,109.9,NA,NA,78,NA,NA,NA,NA
1989-08-01,112,109.6,NA,NA,74,NA,NA,NA,NA
1989-09-01,112.4,109.9,NA,NA,76.5,NA,NA,NA,NA
1989-10-01,112.8,110.8,NA,NA,76.1,NA,NA,NA,NA
1989-11-01,112.7,110.8,NA,NA,76.3,NA,NA,NA,NA
1989-12-01,113,111,NA,NA,77.6,NA,NA,NA,NA
1990-01-01,114.9,112.7,NA,NA,81,NA,NA,NA,NA
1990-02-01,114.4,112.2,NA,NA,81.1,NA,NA,NA,NA
1990-03-01,114.2,112.3,NA,NA,78.1,NA,NA,NA,NA
1990-04-01,114.1,112.6,NA,NA,74.8,NA,NA,NA,NA
1990-05-01,114.6,113.1,NA,NA,75.3,NA,NA,NA,NA
1990-06-01,114.3,113.1,NA,NA,72.2,NA,NA,NA,NA
1990-07-01,114.5,113.2,NA,NA,74.1,NA,NA,NA,NA
1990-08-01,116.5,114.6,NA,NA,80.4,NA,NA,NA,NA
1990-09-01,118.4,116.2,NA,NA,87.1,NA,NA,NA,NA
1990-10-01,120.8,118.1,NA,NA,96.6,NA,NA,NA,NA
1990-11-01,120.1,118.2,NA,NA,92.4,NA,NA,NA,NA
1990-12-01,118.7,117.2,NA,NA,88.5,NA,NA,NA,NA
1991-01-01,119,116.9,NA,NA,90.7,NA,NA,NA,NA
1991-02-01,117.2,116.2,NA,NA,80.8,NA,NA,NA,NA
1991-03-01,116.2,115.3,NA,NA,76.8,NA,NA,NA,NA
1991-04-01,116,115.4,NA,NA,75.9,NA,NA,NA,NA
1991-05-01,116.5,115.6,NA,NA,77.8,NA,NA,NA,NA
1991-06-01,116.4,115.6,NA,NA,76.1,NA,NA,NA,NA
1991-07-01,116.1,115.4,NA,NA,76.2,NA,NA,NA,NA
1991-08-01,116.2,115.7,NA,NA,76.8,NA,NA,NA,NA
1991-09-01,116.1,115.7,NA,NA,75.1,NA,NA,NA,NA
1991-10-01,116.4,116.4,NA,NA,77.8,NA,NA,NA,NA
1991-11-01,116.4,116.5,NA,NA,79,NA,NA,NA,NA
1991-12-01,115.9,116,NA,NA,77.5,NA,NA,NA,NA
1992-01-01,115.6,115.9,NA,NA,74.6,NA,NA,NA,NA
1992-02-01,116,116.3,NA,NA,74.6,NA,NA,NA,NA
1992-03-01,116.1,116.4,NA,NA,72.2,NA,NA,NA,NA
1992-04-01,116.3,116.9,NA,NA,73.4,NA,NA,NA,NA
1992-05-01,117.2,117.6,NA,NA,75.1,NA,NA,NA,NA
1992-06-01,118,117.9,NA,NA,76.3,NA,NA,NA,NA
1992-07-01,117.9,117.8,NA,NA,78.2,NA,NA,NA,NA
1992-08-01,117.7,117.6,NA,NA,77.4,NA,NA,NA,NA
1992-09-01,118,117.6,NA,NA,80.8,NA,NA,NA,NA
1992-10-01,118.1,118.3,NA,NA,79.7,NA,NA,NA,NA
1992-11-01,117.8,118.2,NA,NA,82,NA,NA,NA,NA
1992-12-01,117.6,117.9,NA,NA,78.9,NA,NA,NA,NA
1993-01-01,118,118.4,NA,NA,78.3,NA,NA,NA,NA
1993-02-01,118.4,118.9,NA,NA,76.2,NA,NA,NA,NA
1993-03-01,118.7,119.3,NA,NA,75.8,NA,NA,NA,NA
1993-04-01,119.3,119.7,NA,NA,76.1,NA,NA,NA,NA
1993-05-01,119.7,119.8,NA,NA,79.5,NA,NA,NA,NA
1993-06-01,119.5,119.5,NA,NA,80.5,NA,NA,NA,NA
1993-07-01,119.2,119.3,NA,NA,75.2,NA,NA,NA,NA
1993-08-01,118.7,118.6,NA,NA,74.2,NA,NA,NA,NA
1993-09-01,118.7,118.4,NA,NA,75.2,NA,NA,NA,NA
1993-10-01,119.1,119.4,NA,NA,78.3,NA,NA,NA,NA
1993-11-01,119,119.3,NA,NA,74.8,NA,NA,NA,NA
1993-12-01,118.6,118.8,NA,NA,72.7,NA,NA,NA,NA
1994-01-01,119.1,119.3,NA,NA,75.8,NA,NA,NA,NA
1994-02-01,119.3,119.8,NA,NA,71.5,NA,NA,NA,NA
1994-03-01,119.7,119.9,NA,NA,74.5,NA,NA,NA,NA
1994-04-01,119.7,120.1,NA,NA,74.4,NA,NA,NA,NA
1994-05-01,119.9,120.4,NA,NA,73.7,NA,NA,NA,NA
1994-06-01,120.5,120.4,NA,NA,74.9,NA,NA,NA,NA
1994-07-01,120.7,120.9,NA,NA,74.3,NA,NA,NA,NA
1994-08-01,121.2,121.5,NA,NA,75,NA,NA,NA,NA
1994-09-01,121,121.1,NA,NA,72.4,NA,NA,NA,NA
1994-10-01,120.9,121.5,NA,NA,71,NA,NA,NA,NA
1994-11-01,121.5,121.9,NA,NA,70.5,NA,NA,NA,NA
1994-12-01,121.9,121.7,NA,NA,72,NA,NA,NA,NA
1995-01-01,122.9,122.6,NA,NA,72.1,NA,NA,NA,NA
1995-02-01,123.5,123.1,NA,NA,71.2,NA,NA,NA,NA
1995-03-01,123.9,123.4,NA,NA,70.7,NA,NA,NA,NA
1995-04-01,124.6,124.1,NA,NA,72.6,NA,NA,NA,NA
1995-05-01,124.9,124.5,NA,NA,72.8,NA,NA,NA,NA
1995-06-01,125.3,124.4,NA,NA,72.8,NA,NA,NA,NA
1995-07-01,125.3,124.4,NA,NA,70.6,NA,NA,NA,NA
1995-08-01,125.1,124.4,NA,NA,67.6,NA,NA,NA,NA
1995-09-01,125.2,124.3,NA,NA,68.7,NA,NA,NA,NA
1995-10-01,125.3,125.1,NA,NA,69,NA,NA,NA,NA
1995-11-01,125.4,125.1,NA,NA,70.5,NA,NA,NA,NA
1995-12-01,125.7,125.3,NA,NA,74.1,NA,NA,NA,NA
1996-01-01,126.3,125.8,NA,NA,79.1,NA,NA,NA,NA
1996-02-01,126.2,125.7,NA,NA,83.4,NA,NA,NA,NA
1996-03-01,126.4,126,NA,NA,80.9,NA,NA,NA,NA
1996-04-01,127.4,126.8,NA,NA,86,NA,NA,NA,NA
1996-05-01,128.1,127.4,NA,NA,82.9,NA,NA,NA,NA
1996-06-01,128,127.1,NA,NA,78.1,NA,NA,NA,NA
1996-07-01,128,127.1,NA,NA,81,NA,NA,NA,NA
1996-08-01,128.3,127.4,NA,NA,82.6,NA,NA,NA,NA
1996-09-01,128.2,127.5,NA,NA,81.3,NA,NA,NA,NA
1996-10-01,128,128.2,NA,NA,83,NA,NA,NA,NA
1996-11-01,128.2,128,NA,NA,90.4,NA,NA,NA,NA
1996-12-01,129.1,128,NA,NA,104.2,NA,NA,NA,NA
1997-01-01,129.7,128.1,NA,NA,111.3,NA,NA,NA,NA
1997-02-01,128.5,127.9,NA,NA,95.1,NA,NA,NA,NA
1997-03-01,127.3,127.8,NA,NA,78.8,NA,NA,NA,NA
1997-04-01,127,127.7,NA,NA,77.6,NA,NA,NA,NA
1997-05-01,127.4,127.6,NA,NA,80.8,NA,NA,NA,NA
1997-06-01,127.2,127.2,NA,NA,79.9,NA,NA,NA,NA
1997-07-01,126.9,126.9,NA,NA,79.5,NA,NA,NA,NA
1997-08-01,127.2,127.4,NA,NA,80.2,NA,NA,NA,NA
1997-09-01,127.5,127.3,NA,NA,82.9,NA,NA,NA,NA
1997-10-01,127.8,127.6,NA,NA,90.2,NA,NA,NA,NA
1997-11-01,127.9,127.5,NA,NA,93.2,NA,NA,NA,NA
1997-12-01,126.8,127,NA,NA,83.2,NA,NA,NA,NA
1998-01-01,125.4,126.4,NA,NA,76.4,NA,NA,NA,NA
1998-02-01,125,126.1,NA,NA,73.6,NA,NA,NA,NA
1998-03-01,124.7,125.9,NA,NA,72.2,NA,NA,NA,NA
1998-04-01,124.9,126.2,NA,NA,74.1,NA,NA,NA,NA
1998-05-01,125.1,126.4,NA,NA,74.2,NA,NA,NA,NA
1998-06-01,124.8,126.2,NA,NA,69.6,NA,NA,NA,NA
1998-07-01,124.9,126.2,NA,NA,72.3,NA,NA,NA,NA
1998-08-01,124.2,126,NA,NA,67.7,NA,NA,NA,NA
1998-09-01,123.8,125.9,NA,NA,65.7,NA,NA,NA,NA
1998-10-01,124,126.4,NA,NA,67.9,NA,NA,NA,NA
1998-11-01,123.6,126.2,NA,NA,68.9,NA,NA,NA,NA
1998-12-01,122.8,125.9,NA,NA,66.8,NA,NA,NA,NA
1999-01-01,122.9,126.2,NA,NA,64.1,NA,NA,NA,NA
1999-02-01,122.3,125.9,NA,NA,62.5,NA,NA,NA,NA
1999-03-01,122.6,126.3,NA,NA,63.4,NA,NA,NA,NA
1999-04-01,123.6,127.4,NA,NA,68.9,NA,NA,NA,NA
1999-05-01,124.7,127.7,NA,NA,76.5,NA,NA,NA,NA
1999-06-01,125.2,127.8,NA,NA,76.3,NA,NA,NA,NA
1999-07-01,125.7,128.3,NA,NA,78.7,NA,NA,NA,NA
1999-08-01,126.9,129,NA,NA,84.7,NA,NA,NA,NA
1999-09-01,128,129.7,NA,NA,91.5,NA,NA,NA,NA
1999-10-01,127.7,130.2,NA,NA,87.7,NA,NA,NA,NA
1999-11-01,128.3,130.3,NA,NA,95.1,NA,NA,NA,NA
1999-12-01,127.8,130.5,NA,NA,86.7,NA,NA,NA,NA
2000-01-01,128.3,130.8,NA,NA,89.5,NA,NA,NA,NA
2000-02-01,129.8,132.2,NA,NA,95.8,NA,NA,NA,NA
2000-03-01,130.8,132.9,NA,NA,98.9,NA,NA,NA,NA
2000-04-01,130.7,132.6,NA,NA,95.7,NA,NA,NA,NA
2000-05-01,131.6,133.1,NA,NA,100.6,NA,NA,NA,NA
2000-06-01,133.8,134.2,NA,NA,118.4,NA,NA,NA,NA
2000-07-01,133.7,133.9,NA,NA,118.1,NA,NA,NA,NA
2000-08-01,132.9,133.5,NA,NA,113.8,NA,NA,NA,NA
2000-09-01,134.7,134.7,NA,NA,124.7,NA,NA,NA,NA
2000-10-01,135.4,134.9,NA,NA,131.8,NA,NA,NA,NA
2000-11-01,135,134.9,NA,NA,128.9,NA,NA,NA,NA
2000-12-01,136.2,134.3,NA,NA,146.5,NA,NA,NA,NA
2001-01-01,140,134.8,NA,NA,185.7,NA,NA,NA,NA
2001-02-01,137.4,134.8,NA,NA,149.4,NA,NA,NA,NA
2001-03-01,135.9,134.5,NA,NA,131.2,NA,NA,NA,NA
2001-04-01,136.4,135.6,NA,NA,132.2,NA,NA,NA,NA
2001-05-01,136.8,136.5,NA,NA,128.1,NA,NA,NA,NA
2001-06-01,135.5,135.8,NA,NA,112.2,NA,NA,NA,NA
2001-07-01,133.4,134.4,NA,NA,98.7,NA,NA,NA,NA
2001-08-01,133.4,134.6,NA,NA,98.9,NA,NA,NA,NA
2001-09-01,133.3,135.6,NA,NA,90.8,NA,NA,NA,NA
2001-10-01,130.3,133.7,NA,NA,78.3,NA,NA,NA,NA
2001-11-01,129.8,132.7,NA,NA,88.3,NA,NA,NA,NA
2001-12-01,128.1,131.6,NA,NA,77.6,NA,NA,NA,NA
2002-01-01,128.5,131.7,NA,NA,81.9,NA,NA,NA,NA
2002-02-01,128.4,132,NA,NA,78,NA,NA,NA,NA
2002-03-01,129.8,132.8,NA,NA,87.5,NA,NA,NA,NA
2002-04-01,130.8,133.8,NA,NA,99.8,NA,NA,NA,NA
2002-05-01,130.8,133.5,NA,NA,100.3,NA,NA,NA,NA
2002-06-01,130.9,133.6,NA,NA,93.5,NA,NA,NA,NA
2002-07-01,131.2,133.6,NA,NA,93.5,NA,NA,NA,NA
2002-08-01,131.5,133.7,NA,NA,95.9,NA,NA,NA,NA
2002-09-01,132.3,135,NA,NA,100.1,NA,NA,NA,NA
2002-10-01,133.2,135.6,NA,NA,104.5,NA,NA,NA,NA
2002-11-01,133.1,134.6,NA,NA,110.5,NA,NA,NA,NA
2002-12-01,132.9,134,NA,NA,113.8,NA,NA,NA,NA
2003-01-01,135.3,135.7,NA,NA,126,NA,NA,NA,NA
2003-02-01,137.6,137.6,NA,NA,137.4,NA,NA,NA,NA
2003-03-01,141.2,138.7,NA,NA,169.1,NA,NA,NA,NA
2003-04-01,136.8,136.3,NA,NA,124.5,NA,NA,NA,NA
2003-05-01,136.7,135.8,NA,NA,126.3,NA,NA,NA,NA
2003-06-01,138,136.3,NA,NA,137.1,NA,NA,NA,NA
2003-07-01,137.7,136.4,NA,NA,131.6,NA,NA,NA,NA
2003-08-01,138,137,NA,NA,125.5,NA,NA,NA,NA
2003-09-01,138.5,137.1,NA,NA,124.7,NA,NA,NA,NA
2003-10-01,139.3,138.2,NA,NA,122.7,NA,NA,NA,NA
2003-11-01,138.9,137.7,NA,NA,121.5,NA,NA,NA,NA
2003-12-01,139.5,137.7,NA,NA,129,NA,NA,NA,NA
2004-01-01,141.4,138.9,NA,NA,144.6,NA,NA,NA,NA
2004-02-01,142.1,139.3,NA,NA,140.3,NA,NA,NA,NA
2004-03-01,143.1,140.3,NA,NA,136.6,NA,NA,NA,NA
2004-04-01,144.8,141.8,NA,NA,140.9,NA,NA,NA,NA
2004-05-01,146.8,143.3,NA,NA,149.5,NA,NA,NA,NA
2004-06-01,147.2,142.9,NA,NA,155.5,NA,NA,NA,NA
2004-07-01,147.4,143.2,NA,NA,155.6,NA,NA,NA,NA
2004-08-01,148,143.7,NA,NA,159.3,NA,NA,NA,NA
2004-09-01,147.7,144.2,NA,NA,149.6,NA,NA,NA,NA
2004-10-01,150,146.5,NA,NA,160.6,NA,NA,NA,NA
2004-11-01,151.4,146.1,NA,NA,179.1,NA,NA,NA,NA
2004-12-01,150.2,145,NA,NA,169.2,NA,NA,NA,NA
2005-01-01,150.9,146.2,NA,NA,163.3,NA,NA,NA,NA
2005-02-01,151.6,147,NA,NA,166.2,NA,NA,NA,NA
2005-03-01,153.7,148.9,NA,NA,176,NA,NA,NA,NA
2005-04-01,155,149.6,NA,NA,184.3,NA,NA,NA,NA
2005-05-01,154.3,149.4,NA,NA,177.9,NA,NA,NA,NA
2005-06-01,154.3,149.6,NA,NA,178.1,NA,NA,NA,NA
2005-07-01,156.3,151,NA,NA,193.4,NA,NA,NA,NA
2005-08-01,157.6,151.8,NA,NA,203.6,NA,NA,NA,NA
2005-09-01,162.2,154.2,NA,NA,233.1,NA,NA,NA,NA
2005-10-01,166.2,156.6,NA,NA,254.3,NA,NA,NA,NA
2005-11-01,163.7,152.7,NA,NA,247.4,NA,NA,NA,NA
2005-12-01,163,152.8,NA,NA,234.6,NA,NA,NA,NA
2006-01-01,164.3,154.1,NA,NA,234.3,NA,NA,NA,NA
2006-02-01,161.8,153.5,NA,NA,207.4,NA,NA,NA,NA
2006-03-01,162.2,155,NA,NA,202,NA,NA,NA,NA
2006-04-01,164.3,157.2,NA,NA,210.6,NA,NA,NA,NA
2006-05-01,165.8,158.5,NA,NA,215.4,NA,NA,NA,NA
2006-06-01,166.1,159.5,NA,NA,204.2,NA,NA,NA,NA
2006-07-01,166.8,159.4,NA,NA,211.3,NA,NA,NA,NA
2006-08-01,167.9,159.8,NA,NA,220.4,NA,NA,NA,NA
2006-09-01,165.4,156.8,NA,NA,204.8,NA,NA,NA,NA
2006-10-01,162.2,155.9,NA,NA,176.1,NA,NA,NA,NA
2006-11-01,164.6,156.4,NA,NA,205.5,NA,NA,NA,NA
2006-12-01,165.6,156.9,100,100,212.2,100,100,100,100
2007-01-01,164,156.4,101.7,103.7,188.2,102.2,101,101.5,102.3
2007-02-01,166.8,157.7,101.9,103.8,207.8,103.2,101.2,101.8,101.9
2007-03-01,169.3,160.1,102.3,103.4,210.6,103,101.9,101.8,102.5
2007-04-01,171.4,162.2,102.8,103.7,214.1,102.5,102.5,101.8,103.5
2007-05-01,173.3,163.8,103.4,106.9,221.1,103.2,102.1,101.7,105.7
2007-06-01,173.8,163.7,104.7,107.5,222.6,101.3,103.7,101.9,106.6
2007-07-01,175.1,164.9,105.1,107.5,222.3,101.7,104.2,102.1,106.3
2007-08-01,172.4,163,105.4,107.6,212.5,104,104.6,102.2,104.7
2007-09-01,173.5,163.7,104.5,107.9,214.3,102.4,103.3,102.5,104.8
2007-10-01,174.7,164.5,105.6,107.8,228.3,104,104.8,103.7,105.9
2007-11-01,179,168,106.5,108.3,249.3,102.6,105.7,103.6,105.6
2007-12-01,178.6,166.9,106.6,108.6,249.5,103,105.8,103.9,104.5
2008-01-01,181,168.5,108.3,110.1,254.2,104.7,107.6,104.3,105.7
2008-02-01,182.7,169.6,108.3,110,263.8,105.1,107.6,104.4,105.1
2008-03-01,187.9,173.4,109.8,109.9,287.2,105.2,109.7,104.5,105.2
2008-04-01,190.9,175.3,110.5,110.2,301.6,105.7,110.5,104.5,107.4
2008-05-01,196.6,179.4,112.7,112.9,329,107.8,112.6,104.5,106.6
2008-06-01,200.5,182,115.1,113.7,341.4,109.4,115.4,104.4,107.9
2008-07-01,205.5,185.6,116,115,363.8,109.4,116.2,104.8,109.1
2008-08-01,199,182.6,116,115.5,299.2,111.4,116.1,104.9,109.2
2008-09-01,196.9,182.9,115.1,115.5,273.4,111.5,114.9,104.9,109.5
2008-10-01,186.4,176.8,114.3,114,223.3,112.8,114.2,105.7,109.4
2008-11-01,176.8,169.4,112.3,113.9,184.9,112.4,111.7,105.8,109.6
2008-12-01,170.9,164.1,109.9,111,174.8,114.5,109.4,105.9,109.5
2009-01-01,171.2,164.7,110,114.1,173.4,113.5,108.5,106.8,107.7
2009-02-01,169.3,163.9,108.2,112.7,159,115.5,106.6,107,107.6
2009-03-01,168.1,162.9,107.2,112.8,159.1,116.1,105.2,107.1,108.6
2009-04-01,169.1,164.2,107.1,112.3,160.5,117,105.2,107.1,108.1
2009-05-01,170.8,165.8,106.4,113.6,166,115.7,103.8,107.3,107.6
2009-06-01,174.1,168.4,107,113.9,180.2,116.5,104.6,107.4,108.6
2009-07-01,172.5,167.1,107.8,114.2,173,117.5,105.6,107.6,108.6
2009-08-01,175,169.4,108.6,115.1,182.8,116.6,106.2,108,107.8
2009-09-01,174.1,168.6,108,115,177.2,115.7,105.6,108,108.6
2009-10-01,175.2,168.9,108.6,115.5,192.3,116.5,106.3,109.2,107.7
2009-11-01,177.4,170.7,109.4,115.1,206.7,114.9,107.3,109.3,109.3
2009-12-01,178.1,170.8,109.4,115.6,208.4,115.6,107.2,109.4,109.3
2010-01-01,181.9,173.1,111.1,119,231.3,118.4,108.5,110,108.7
2010-02-01,181,172.2,111.2,118.9,222.3,117.5,108.7,110.2,110.3
2010-03-01,183.3,173.9,112.1,119.2,219.8,118.5,109.7,110.3,109.6
2010-04-01,184.4,175.2,112.6,118.9,213.4,117.2,110.4,110.4,111.3
2010-05-01,184.8,176.1,112.8,119.5,204.9,118.2,110.5,110.3,111.8
2010-06-01,183.5,174.8,113.6,119.9,204.8,118.1,111.4,110.5,109.1
2010-07-01,184.1,174.7,113.8,119.3,209,116.4,111.8,110.6,109.8
2010-08-01,184.9,175.3,113.2,119,211.6,117.7,111.2,110.8,109.6
2010-09-01,184.9,175.5,112.2,118.9,202.5,117.9,110,110.9,110
2010-10-01,186.6,177.3,113.2,119.1,212.2,117.2,111.1,111.5,111.4
2010-11-01,187.7,178.2,113.7,119.2,214.1,117.8,111.7,111.5,110.6
2010-12-01,189.7,179.1,113.9,119.5,227.3,117.2,111.9,111.5,110.5
2011-01-01,192.7,181.1,115.7,123.1,232.7,116.9,113.3,111.9,110.1
2011-02-01,195.8,183.3,116.8,123.6,232.4,118.2,114.5,112.2,111.3
2011-03-01,199.2,187.3,118.7,123.9,241.7,119.7,116.8,112.4,113.1
2011-04-01,203.1,190.2,119.6,124.7,256.6,120.8,117.7,112.5,112.3
2011-05-01,204.1,191.9,120.3,126.3,251,123.2,118.3,112.5,113.3
2011-06-01,203.9,191.1,120.4,126.9,247.2,122,118.3,112.6,113.2
2011-07-01,204.6,191.7,120.4,126.6,251.2,121.9,118.3,112.8,112
2011-08-01,203.2,190.7,120.7,126.4,237.4,123.2,118.8,113,114.3
2011-09-01,203.7,191.5,120.1,126.5,241.6,122.2,117.9,113.2,115.2
2011-10-01,201.1,190.2,120.5,126.1,235.1,120.8,118.5,113.6,114.3
2011-11-01,201.4,190.6,120.7,126.1,245.6,119.6,118.8,113.7,115.2
2011-12-01,199.8,189.6,120.9,126.1,238.6,120.1,119,113.9,114.2
2012-01-01,200.7,191.1,122.1,129.5,238,121.5,119.8,114.4,113.6
2012-02-01,201.6,192.1,122.9,130.5,234.9,121.6,120.6,114.5,115.1
2012-03-01,204.2,194.3,124.1,130.6,236.7,122.2,122,114.5,116.1
2012-04-01,203.7,194.7,124.5,130.9,229.9,120.6,122.5,114.6,117.2
2012-05-01,201.9,193.6,124.5,131.1,218.5,121.1,122.4,114.7,117.8
2012-06-01,199.8,191.7,124.5,131.1,208.4,121.1,122.4,114.8,117.7
2012-07-01,200.1,191.2,124,130.4,213.8,122,121.9,115.1,115.9
2012-08-01,202.7,193.5,124.2,129.8,224.6,121.5,122.3,115.2,115.6
2012-09-01,204.4,195.4,123.3,130.2,227.4,122.9,121.1,115.3,116
2012-10-01,203.5,195.1,124.2,131,226,123.9,122.1,115.7,117.8
2012-11-01,201.8,192.6,124.1,131.2,226.3,124.9,121.9,115.6,118
2012-12-01,201.5,191.8,124,131.1,227.7,124.8,121.8,115.9,118
2013-01-01,202.5,192.6,125,134.3,230.3,125.9,122.4,116.5,115.6
2013-02-01,204.3,195.2,125.4,136.1,230.9,124.2,122.4,116.7,117.9
2013-03-01,204,194.5,126.3,136.1,230.7,125.2,123.5,116.8,118.9
2013-04-01,203.5,194,125.5,136.4,236,125.9,122.5,116.1,119.5
2013-05-01,204.1,194,125.1,136.1,237.9,124.3,122.1,116.1,118.1
2013-06-01,204.3,193.9,126,135.8,235.8,125,123.3,116.3,118.6
2013-07-01,204.4,194,126.3,135.5,240.7,125.8,123.6,116.5,119.2
2013-08-01,204.2,194.6,126.5,135.6,240.6,125.2,123.8,116.4,119.5
2013-09-01,203.9,194.3,125.1,135.8,241.9,125.8,122.2,116.6,119.6
2013-10-01,202.5,193.7,125.9,135.9,236.2,125.6,123.1,117.2,121.3
2013-11-01,201.2,192.7,125.4,135.9,229,127,122.5,117.3,120.3
2013-12-01,202,193.2,126.8,135.7,235.2,126.8,124.3,117.3,118.5
2014-01-01,203.8,194.2,126.9,139,238.8,127.8,123.7,117.7,118.2
2014-02-01,205.7,195.2,127.1,142.3,258.1,128.1,123.2,117.8,119.7
2014-03-01,207,196.2,128.4,142.2,249.6,129,124.8,117.8,121.3
2014-04-01,208.3,197.5,129,142.5,247.7,128.7,125.5,117.8,120.6
2014-05-01,208,197.2,129,142.4,246.5,129.2,125.5,117.8,121.3
2014-06-01,208.3,197.2,129.7,142.4,246.7,128.1,126.3,117.8,119.6
2014-07-01,208,197.4,129.8,142.5,240.8,128.6,126.3,117.9,121.7
2014-08-01,207,197.4,130,142.2,232.1,128.3,126.7,118.1,121.3
2014-09-01,206.4,196.8,128.4,142.1,228.9,128.3,124.8,118.2,120.6
2014-10-01,203.4,194.8,128.4,142,216.7,130,124.8,118,125.1
2014-11-01,200.9,192.7,128.2,141.9,210.1,129.7,124.6,118.1,123.5
2014-12-01,197,189.1,128.3,141.3,196.5,129.9,124.9,118.2,123.4
2015-01-01,192,185,128.2,145,170.3,131.1,123.9,118.2,122.7
2015-02-01,191.1,185.4,127.3,144.6,170.4,130,123,118.2,123
2015-03-01,191.5,186.2,127.7,143.8,169.1,131.4,123.6,118.3,123.7
2015-04-01,190.9,185.7,127.2,144.2,169.6,131,123,118.4,123.8
2015-05-01,193.4,188.2,127.1,144.1,176.3,131.3,122.8,118.3,122.9
2015-06-01,194.8,188.9,127.9,145.2,176.5,131.2,123.5,118.4,122.8
2015-07-01,193.9,188.5,127.9,145.4,168.5,132.5,123.6,118.5,123.6
2015-08-01,191.9,187,126.9,145.2,159.5,130.5,122.4,118.8,124.2
2015-09-01,189.1,184.3,125.5,144.9,159.2,131.2,120.8,118.8,124.9
2015-10-01,187.5,183.7,125.8,144.5,159.1,131.2,121.2,119,125.3
2015-11-01,185.7,182.9,125.7,145.1,150.7,130.6,121,119.1,124.9
2015-12-01,183.5,180.8,125.2,145.1,144.2,130.5,120.4,119.1,123.9
2016-01-01,182.6,179.7,126,146.2,138.6,131.7,121.2,119.3,124.5
2016-02-01,181.3,178.7,125.5,146.4,135.4,131.8,120.6,119.4,124.1
2016-03-01,182.1,179.3,126.1,146.1,139.3,131.6,121.3,119.5,124.4
2016-04-01,183.2,180.5,125.5,144.1,145.4,130.9,121,119.5,125.4
2016-05-01,185.3,181.9,124.7,144.3,151.9,131.4,120,119.5,124.8
2016-06-01,187.6,183.6,125.7,144.3,156.5,131.9,121.2,119.6,125.8
2016-07-01,187.7,183.4,126.3,144.9,160.8,131.5,121.8,119.9,125.2
2016-08-01,186.6,182.5,125.9,145.2,157.1,130.3,121.2,120.2,124.5
2016-09-01,186.9,183,123.8,143.2,159.4,131.3,119.2,120.3,125.8
2016-10-01,186.7,183.7,124.9,143.1,165.5,131.1,120.4,120.8,127.2
2016-11-01,186.3,183.2,125.3,143.2,159.9,131.6,120.9,120.8,126.2
2016-12-01,188.2,183.9,126.3,143.4,173.5,132.4,122.1,120.8,124.8
2017-01-01,190.7,185.6,127.1,146.6,180.4,132.5,122.4,121.1,125.8
2017-02-01,191.6,186.2,127.4,147.7,177.5,132.3,122.5,121.1,125.4
2017-03-01,191.5,186.7,127,147.8,165.4,132.9,122.1,121.2,127.1
2017-04-01,193,187.6,127.6,147.6,173.1,134,122.8,121.3,127
2017-05-01,192.8,187.3,127,147.6,169,134.5,122.2,121.3,126.9
2017-06-01,193.6,187.6,128.1,147.6,167,134.3,123.4,121.5,126.4
2017-07-01,193.5,187.3,127.8,147.7,166.9,135.1,123,121.6,125.6
2017-08-01,193.8,188.4,127.7,148.3,169.5,135.6,122.8,121.7,125.7
2017-09-01,194.8,189.6,127.6,148.5,172.5,136.3,122.6,121.8,126.4
2017-10-01,194.9,190.2,128.9,148.8,174.2,136.2,124.1,122.7,129.3
2017-11-01,195.9,191.2,129.7,149,178.9,136.3,125,122.6,127.5
2017-12-01,196.3,191.3,129.1,149.1,182,135.6,124.3,122.6,126.5
2018-01-01,197.9,192.6,130,152.3,186.5,136.4,124.8,123.2,126
2018-02-01,199.3,193.5,131,153.5,187.8,136.4,125.8,123.4,128.1
2018-03-01,199.3,194,132.3,153.4,178.5,135.9,127.3,123.5,127.8
2018-04-01,200.3,195.3,132.6,153.6,183,136.4,127.6,123.7,128.1
2018-05-01,203.2,197.7,132.6,153.7,189.6,137.2,127.6,123.8,128.2
2018-06-01,204.2,198.4,134.2,154,188.3,137.8,129.4,123.8,128.9
2018-07-01,204.3,198.5,134.6,154,193.8,138,129.8,124.1,127.9
2018-08-01,203.4,198.6,134,153.8,188.8,137.3,129.2,124.2,128.1
2018-09-01,203.6,198.9,134.5,154.2,193.3,137.1,129.6,124.3,128
2018-10-01,204.6,200.4,136.1,154.5,195.9,138.7,131.4,124.9,130.5
2018-11-01,202.3,198.4,136.7,154.4,185,138.4,132.2,125,131
2018-12-01,201,195.2,136.3,154,190.5,138.4,131.8,125,130.8
2019-01-01,199.1,194.3,137.2,156.8,180,139.7,132.4,125.4,129.7
2019-02-01,199.2,195.4,136.4,158.9,175.6,139.9,131.2,125.5,130.4
2019-03-01,200.8,197.4,136.8,158.9,175.7,141.6,131.6,125.5,130.6
2019-04-01,202.1,199.2,137.4,159.2,176,142.5,132.2,125.8,131.6
2019-05-01,201.7,199.1,137.5,159.3,172.7,142.8,132.3,125.8,130.6
2019-06-01,200.3,197,138.3,159.2,164.7,142,133.2,125.9,131.8
2019-07-01,200.7,197.5,138.6,159.8,166.7,142.4,133.5,126.2,130.6
2019-08-01,199.2,196.4,137.7,159.9,163.5,143.3,132.5,126.4,133.1
2019-09-01,198.4,195.9,136.7,159.9,166.1,142.9,131.3,126.4,133.3
2019-10-01,198.6,196.6,137.9,159.8,163.1,143.5,132.7,127.3,134.6
2019-11-01,199,196.5,137.9,159.9,169.6,143.2,132.7,127.4,132.4
2019-12-01,199,196.4,139.7,159.9,170.6,143.7,134.8,127.3,131.7
2020-01-01,199.3,196.6,139,163.2,166.2,143.2,133.3,128,131.9
2020-02-01,196.7,195.1,138.3,164.2,154.7,142.9,132.4,128.2,134.1
2020-03-01,193.1,192.3,135.8,164.3,136.8,143.2,129.4,128.2,136.4
2020-04-01,185.5,186.1,132,163.4,120.6,142.7,125.1,128.6,138.1
2020-05-01,188.6,188.9,132.9,163,129.2,144,126.2,129.4,135.5
2020-06-01,191.2,190.2,134.5,162.8,138.7,145.6,128.1,129.6,134.4
2020-07-01,193,192.3,133.6,163.1,140.1,146.1,126.9,130.1,135.9
2020-08-01,194.3,193,132.2,163.7,146.6,146.1,125.2,130.7,137.3
2020-09-01,195.5,192.9,132.8,164.2,149.4,145.3,125.8,130.6,139.4
2020-10-01,196.5,193.7,135.2,164.1,146.8,146.6,128.8,131,142
2020-11-01,198.3,194.5,134.6,164.4,158.2,147.2,128.1,131,138.6
2020-12-01,200.5,196.7,134.1,164.3,163.7,148.9,127.4,131,136.8
2021-01-01,204.8,199.6,135,168.3,170.6,149.5,127.7,132.4,138.9
2021-02-01,210.6,203.1,136.1,169.8,198.6,150.1,128.7,133.2,140.3
2021-03-01,215,207.9,138.5,170.6,183.9,150.4,131.5,133.3,142.3
2021-04-01,217.9,210.1,142.5,171,179,152.6,136.1,133.3,147.1
2021-05-01,224.4,214.4,143.5,170.8,189.6,152.7,137.4,133.5,146
2021-06-01,228.5,217.1,146.1,170.9,196.9,155.2,140.5,133.2,148.6
2021-07-01,231.2,219.2,148.3,171.7,205.6,159.2,142.9,133.7,150.7
2021-08-01,232.9,220.4,150.1,171.4,205.6,162.2,145.1,133.6,151.1
